This is LuaHBTeX, Version 1.17.0 (TeX Live 2023/Debian)  (format=lualatex 2026.5.3)  20 JUL 2026 22:59
 restricted system commands enabled.
**economics-of-irreversibility.tex
(./economics-of-irreversibility.tex
LaTeX2e <2023-11-01> patch level 1
L3 programming layer <2024-01-22>
Lua module: luaotfload 2023-08-31 3.26 Lua based OpenType font support
Lua module: lualibs 2023-07-13 2.76 ConTeXt Lua standard libraries.
Lua module: lualibs-extended 2023-07-13 2.76 ConTeXt Lua libraries -- extended c
ollection.
luaotfload | conf : Root cache directory is "/home/flyxion/.texlive2023/texmf-va
r/luatex-cache/generic/names".
luaotfload | init : Loading fontloader "fontloader-2023-08-19.lua" from kpse-res
olved path "/usr/share/texlive/texmf-dist/tex/luatex/luaotfload/fontloader-2023-
08-19.lua".
Lua-only attribute luaotfload@noligature = 1
luaotfload | init : Context OpenType loader version 3.133
Inserting `luaotfload.node_processor' in `pre_linebreak_filter'.
Inserting `luaotfload.node_processor' in `hpack_filter'.
Inserting `luaotfload.glyph_stream' in `glyph_stream_provider'.
Inserting `luaotfload.define_font' in `define_font'.
Lua-only attribute luaotfload_color_attribute = 2
luaotfload | conf : Root cache directory is "/home/flyxion/.texlive2023/texmf-va
r/luatex-cache/generic/names".
Inserting `luaotfload.harf.strip_prefix' in `find_opentype_file'.
Inserting `luaotfload.harf.strip_prefix' in `find_truetype_file'.
Removing  `luaotfload.glyph_stream' from `glyph_stream_provider'.
Inserting `luaotfload.harf.glyphstream' in `glyph_stream_provider'.
Inserting `luaotfload.harf.finalize_vlist' in `post_linebreak_filter'.
Inserting `luaotfload.harf.finalize_hlist' in `hpack_filter'.
Inserting `luaotfload.cleanup_files' in `wrapup_run'.
Inserting `luaotfload.harf.finalize_unicode' in `finish_pdffile'.
Inserting `luaotfload.glyphinfo' in `glyph_info'.
Lua-only attribute luaotfload.letterspace_done = 3
Inserting `luaotfload.aux.set_sscale_dimens' in `luaotfload.patch_font'.
Inserting `luaotfload.aux.set_font_index' in `luaotfload.patch_font'.
Inserting `luaotfload.aux.patch_cambria_domh' in `luaotfload.patch_font'.
Inserting `luaotfload.aux.fixup_fontdata' in `luaotfload.patch_font_unsafe'.
Inserting `luaotfload.aux.set_capheight' in `luaotfload.patch_font'.
Inserting `luaotfload.aux.set_xheight' in `luaotfload.patch_font'.
Inserting `luaotfload.rewrite_fontname' in `luaotfload.patch_font'.
Inserting `tracingstacklevels' in `input_level_string'. (/usr/share/texlive/tex
mf-dist/tex/latex/base/article.cls
Document Class: article 2023/05/17 v1.4n Standard LaTeX document class
(/usr/share/texlive/texmf-dist/tex/latex/base/size11.clo
File: size11.clo 2023/05/17 v1.4n Standard LaTeX file (size option)
luaotfload | db : Font names database loaded from /home/flyxion/.texlive2023/tex
mf-var/luatex-cache/generic/names/luaotfload-names.luc.gz)
\c@part=\count185
\c@section=\count186
\c@subsection=\count187
\c@subsubsection=\count188
\c@paragraph=\count189
\c@subparagraph=\count190
\c@figure=\count191
\c@table=\count192
\abovecaptionskip=\skip48
\belowcaptionskip=\skip49
\bibindent=\dimen139
)
(/usr/share/texlive/texmf-dist/tex/latex/fontspec/fontspec.sty
(/usr/share/texlive/texmf-dist/tex/latex/l3packages/xparse/xparse.sty
(/usr/share/texlive/texmf-dist/tex/latex/l3kernel/expl3.sty
Package: expl3 2024-01-22 L3 programming layer (loader) 

(/usr/share/texlive/texmf-dist/tex/latex/l3backend/l3backend-luatex.def
File: l3backend-luatex.def 2024-01-04 L3 backend support: PDF output (LuaTeX)
\l__color_backend_stack_int=\count193
Inserting `l3color' in `luaotfload.parse_color'.
\l__pdf_internal_box=\box51
))
Package: xparse 2023-10-10 L3 Experimental document command parser
)
Package: fontspec 2022/01/15 v2.8a Font selection for XeLaTeX and LuaLaTeX
Lua module: fontspec 2022/01/15 2.8a Font selection for XeLaTeX and LuaLaTeX
(/usr/share/texlive/texmf-dist/tex/latex/fontspec/fontspec-luatex.sty
Package: fontspec-luatex 2022/01/15 v2.8a Font selection for XeLaTeX and LuaLaT
eX
\l__fontspec_script_int=\count194
\l__fontspec_language_int=\count195
\l__fontspec_strnum_int=\count196
\l__fontspec_tmp_int=\count197
\l__fontspec_tmpa_int=\count198
\l__fontspec_tmpb_int=\count199
\l__fontspec_tmpc_int=\count266
\l__fontspec_em_int=\count267
\l__fontspec_emdef_int=\count268
\l__fontspec_strong_int=\count269
\l__fontspec_strongdef_int=\count270
\l__fontspec_tmpa_dim=\dimen140
\l__fontspec_tmpb_dim=\dimen141
\l__fontspec_tmpc_dim=\dimen142

(/usr/share/texlive/texmf-dist/tex/latex/base/fontenc.sty
Package: fontenc 2021/04/29 v2.0v Standard LaTeX package
)
(/usr/share/texlive/texmf-dist/tex/latex/fontspec/fontspec.cfg)))
luaotfload | cache : Lookup cache loaded from /home/flyxion/.texlive2023/texmf-v
ar/luatex-cache/generic/names/luaotfload-lookup-cache.luc.

Package fontspec Info: Font family 'TeXGyrePagella(0)' created for font 'TeX
(fontspec)             Gyre Pagella' with options [Ligatures=TeX].
(fontspec)              
(fontspec)              This font family consists of the following NFSS
(fontspec)             series/shapes:
(fontspec)              
(fontspec)             - 'normal' (m/n) with NFSS spec.:
(fontspec)             <->"TeXGyrePagella:mode=node;script=latn;language=dflt;+
tlig;"
(fontspec)             - 'small caps'  (m/sc) with NFSS spec.:
(fontspec)             <->"TeXGyrePagella:mode=node;script=latn;language=dflt;+
tlig;+smcp;"
(fontspec)             - 'bold' (b/n) with NFSS spec.:
(fontspec)             <->"TeXGyrePagella/B:mode=node;script=latn;language=dflt
;+tlig;"
(fontspec)             - 'bold small caps'  (b/sc) with NFSS spec.:
(fontspec)             <->"TeXGyrePagella/B:mode=node;script=latn;language=dflt
;+tlig;+smcp;"
(fontspec)             - 'italic' (m/it) with NFSS spec.:
(fontspec)             <->"TeXGyrePagella/I:mode=node;script=latn;language=dflt
;+tlig;"
(fontspec)             - 'italic small caps'  (m/scit) with NFSS spec.:
(fontspec)             <->"TeXGyrePagella/I:mode=node;script=latn;language=dflt
;+tlig;+smcp;"
(fontspec)             - 'bold italic' (b/it) with NFSS spec.:
(fontspec)             <->"TeXGyrePagella/BI:mode=node;script=latn;language=dfl
t;+tlig;"
(fontspec)             - 'bold italic small caps'  (b/scit) with NFSS spec.:
(fontspec)             <->"TeXGyrePagella/BI:mode=node;script=latn;language=dfl
t;+tlig;+smcp;"


(/usr/share/texlive/texmf-dist/tex/latex/geometry/geometry.sty
Package: geometry 2020/01/02 v5.9 Page Geometry

(/usr/share/texlive/texmf-dist/tex/latex/graphics/keyval.sty
Package: keyval 2022/05/29 v1.15 key=value parser (DPC)
\KV@toks@=\toks17
)
(/usr/share/texlive/texmf-dist/tex/generic/iftex/ifvtex.sty
Package: ifvtex 2019/10/25 v1.7 ifvtex legacy package. Use iftex instead.

(/usr/share/texlive/texmf-dist/tex/generic/iftex/iftex.sty
Package: iftex 2022/02/03 v1.0f TeX engine tests
))
\Gm@cnth=\count271
\Gm@cntv=\count272
\c@Gm@tempcnt=\count273
\Gm@bindingoffset=\dimen143
\Gm@wd@mp=\dimen144
\Gm@odd@mp=\dimen145
\Gm@even@mp=\dimen146
\Gm@layoutwidth=\dimen147
\Gm@layoutheight=\dimen148
\Gm@layouthoffset=\dimen149
\Gm@layoutvoffset=\dimen150
\Gm@dimlist=\toks18
)
(/usr/share/texlive/texmf-dist/tex/latex/microtype/microtype.sty
Package: microtype 2023/03/13 v3.1a Micro-typographical refinements (RS)

(/usr/share/texlive/texmf-dist/tex/latex/etoolbox/etoolbox.sty
Package: etoolbox 2020/10/05 v2.5k e-TeX tools for LaTeX (JAW)
\etb@tempcnta=\count274
)
\MT@toks=\toks19
\MT@tempbox=\box52
\MT@count=\count275
LaTeX Info: Redefining \noprotrusionifhmode on input line 1059.
LaTeX Info: Redefining \leftprotrusion on input line 1060.
\MT@prot@toks=\toks20
LaTeX Info: Redefining \rightprotrusion on input line 1078.
LaTeX Info: Redefining \textls on input line 1368.
\MT@outer@kern=\dimen151
LaTeX Info: Redefining \textmicrotypecontext on input line 1988.
\MT@listname@count=\count276

(/usr/share/texlive/texmf-dist/tex/latex/microtype/microtype-luatex.def
File: microtype-luatex.def 2023/03/13 v3.1a Definitions specific to luatex (RS)

Lua module: microtype 2023/03/13 3.1a microtype module.
Module microtype Info: overwriting function `keepligature' on input line 63
LaTeX Info: Redefining \lsstyle on input line 688.
LaTeX Info: Redefining \lslig on input line 688.
\MT@outer@space=\skip50
)
Package microtype Info: Loading configuration file microtype.cfg.

(/usr/share/texlive/texmf-dist/tex/latex/microtype/microtype.cfg
File: microtype.cfg 2023/03/13 v3.1a microtype main configuration file (RS)
))
(/usr/share/texlive/texmf-dist/tex/generic/babel/babel.sty
Package: babel 2024/01/07 v24.1 The Babel package

(/usr/share/texlive/texmf-dist/tex/generic/babel/luababel.def
\bbl@readstream=\read2
\l@dumylang=\language2
Package babel Info: Non-standard hyphenation setup on input line 118.
\l@nohyphenation=\language3
\l@vietnamese=\language4
\l@hebrew=\language5
\l@farsi=\language6
\l@arabic=\language7
\l@ancientgreek=\language8
\l@monogreek=\language9
\l@ibycus=\language10
\l@greek=\language11
\babelcatcodetablenum=\catcodetable14
\bbl@pattcodes=\catcodetable15
)
\babel@savecnt=\count277
\U@D=\dimen152
\l@unhyphenated=\language12

(/usr/share/texlive/texmf-dist/tex/generic/babel/luababel.def
\bbl@attr@locale=\attribute4
)
(/usr/share/texlive/texmf-dist/tex/generic/babel-english/english.ldf
Language: english 2017/06/06 v3.3r English support from the babel system
Package babel Info: Hyphen rules for 'british' set to \l@english
(babel)             (\language0). Reported on input line 82.
Package babel Info: Hyphen rules for 'UKenglish' set to \l@english
(babel)             (\language0). Reported on input line 83.
Package babel Info: Hyphen rules for 'canadian' set to \l@english
(babel)             (\language0). Reported on input line 102.
Package babel Info: Hyphen rules for 'australian' set to \l@english
(babel)             (\language0). Reported on input line 105.
Package babel Info: Hyphen rules for 'newzealand' set to \l@english
(babel)             (\language0). Reported on input line 108.
))
(/usr/share/texlive/texmf-dist/tex/generic/babel/locale/en/babel-english.tex
Package babel Info: Importing font and identification data for english
(babel)             from babel-en.ini. Reported on input line 11.
)
(/usr/share/texlive/texmf-dist/tex/latex/amsmath/amsmath.sty
Package: amsmath 2023/05/13 v2.17o AMS math features
\@mathmargin=\skip51

For additional information on amsmath, use the `?' option.
(/usr/share/texlive/texmf-dist/tex/latex/amsmath/amstext.sty
Package: amstext 2021/08/26 v2.01 AMS text

(/usr/share/texlive/texmf-dist/tex/latex/amsmath/amsgen.sty
File: amsgen.sty 1999/11/30 v2.0 generic functions
\@emptytoks=\toks21
\ex@=\dimen153
))
(/usr/share/texlive/texmf-dist/tex/latex/amsmath/amsbsy.sty
Package: amsbsy 1999/11/29 v1.2d Bold Symbols
\pmbraise@=\dimen154
)
(/usr/share/texlive/texmf-dist/tex/latex/amsmath/amsopn.sty
Package: amsopn 2022/04/08 v2.04 operator names
)
\inf@bad=\count278
LaTeX Info: Redefining \frac on input line 236.
\uproot@=\count279
\leftroot@=\count280
LaTeX Info: Redefining \overline on input line 399.
LaTeX Info: Redefining \colon on input line 410.
\classnum@=\count281
\DOTSCASE@=\count282
LaTeX Info: Redefining \ldots on input line 496.
LaTeX Info: Redefining \dots on input line 499.
LaTeX Info: Redefining \cdots on input line 620.
\Mathstrutbox@=\box53
\strutbox@=\box54
LaTeX Info: Redefining \big on input line 722.
LaTeX Info: Redefining \Big on input line 723.
LaTeX Info: Redefining \bigg on input line 724.
LaTeX Info: Redefining \Bigg on input line 725.
\big@size=\dimen155
LaTeX Font Info:    Redeclaring font encoding OML on input line 743.
LaTeX Font Info:    Redeclaring font encoding OMS on input line 744.
\macc@depth=\count283
LaTeX Info: Redefining \bmod on input line 905.
LaTeX Info: Redefining \pmod on input line 910.
LaTeX Info: Redefining \smash on input line 940.
LaTeX Info: Redefining \relbar on input line 970.
LaTeX Info: Redefining \Relbar on input line 971.
\c@MaxMatrixCols=\count284
\dotsspace@=\muskip16
\c@parentequation=\count285
\dspbrk@lvl=\count286
\tag@help=\toks22
\row@=\count287
\column@=\count288
\maxfields@=\count289
\andhelp@=\toks23
\eqnshift@=\dimen156
\alignsep@=\dimen157
\tagshift@=\dimen158
\tagwidth@=\dimen159
\totwidth@=\dimen160
\lineht@=\dimen161
\@envbody=\toks24
\multlinegap=\skip52
\multlinetaggap=\skip53
\mathdisplay@stack=\toks25
LaTeX Info: Redefining \[ on input line 2953.
LaTeX Info: Redefining \] on input line 2954.
)
(/usr/share/texlive/texmf-dist/tex/latex/amsfonts/amssymb.sty
Package: amssymb 2013/01/14 v3.01 AMS font symbols

(/usr/share/texlive/texmf-dist/tex/latex/amsfonts/amsfonts.sty
Package: amsfonts 2013/01/14 v3.01 Basic AMSFonts support
\symAMSa=\mathgroup4
\symAMSb=\mathgroup5
LaTeX Font Info:    Redeclaring math symbol \hbar on input line 98.
LaTeX Font Info:    Overwriting math alphabet `\mathfrak' in version `bold'
(Font)                  U/euf/m/n --> U/euf/b/n on input line 106.
))
(/usr/share/texlive/texmf-dist/tex/latex/amscls/amsthm.sty
Package: amsthm 2020/05/29 v2.20.6
\thm@style=\toks26
\thm@bodyfont=\toks27
\thm@headfont=\toks28
\thm@notefont=\toks29
\thm@headpunct=\toks30
\thm@preskip=\skip54
\thm@postskip=\skip55
\thm@headsep=\skip56
\dth@everypar=\toks31
)
(/usr/share/texlive/texmf-dist/tex/latex/booktabs/booktabs.sty
Package: booktabs 2020/01/12 v1.61803398 Publication quality tables
\heavyrulewidth=\dimen162
\lightrulewidth=\dimen163
\cmidrulewidth=\dimen164
\belowrulesep=\dimen165
\belowbottomsep=\dimen166
\aboverulesep=\dimen167
\abovetopsep=\dimen168
\cmidrulesep=\dimen169
\cmidrulekern=\dimen170
\defaultaddspace=\dimen171
\@cmidla=\count290
\@cmidlb=\count291
\@aboverulesep=\dimen172
\@belowrulesep=\dimen173
\@thisruleclass=\count292
\@lastruleclass=\count293
\@thisrulewidth=\dimen174
)
\c@theorem=\count294
\c@definition=\count295
\c@proposition=\count296
\c@remark=\count297

(/usr/share/texlive/texmf-dist/tex/latex/xcolor/xcolor.sty
Package: xcolor 2023/11/15 v3.01 LaTeX color extensions (UK)

(/usr/share/texlive/texmf-dist/tex/latex/graphics-cfg/color.cfg
File: color.cfg 2016/01/02 v1.6 sample color configuration
)
Package xcolor Info: Driver file: luatex.def on input line 274.

(/usr/share/texlive/texmf-dist/tex/latex/graphics-def/luatex.def
File: luatex.def 2022/09/22 v1.2d Graphics/color driver for luatex
)
(/usr/share/texlive/texmf-dist/tex/latex/graphics/mathcolor.ltx)
Package xcolor Info: Model `cmy' substituted by `cmy0' on input line 1350.
Package xcolor Info: Model `hsb' substituted by `rgb' on input line 1354.
Package xcolor Info: Model `RGB' extended on input line 1366.
Package xcolor Info: Model `HTML' substituted by `rgb' on input line 1368.
Package xcolor Info: Model `Hsb' substituted by `hsb' on input line 1369.
Package xcolor Info: Model `tHsb' substituted by `hsb' on input line 1370.
Package xcolor Info: Model `HSB' substituted by `hsb' on input line 1371.
Package xcolor Info: Model `Gray' substituted by `gray' on input line 1372.
Package xcolor Info: Model `wave' substituted by `hsb' on input line 1373.
)
(/usr/share/texlive/texmf-dist/tex/latex/graphics/dvipsnam.def
File: dvipsnam.def 2016/06/17 v3.0m Driver-dependent file (DPC,SPQR)
)
(/usr/share/texlive/texmf-dist/tex/latex/hyperref/hyperref.sty
Package: hyperref 2024-01-20 v7.01h Hypertext links for LaTeX

(/usr/share/texlive/texmf-dist/tex/latex/kvsetkeys/kvsetkeys.sty
Package: kvsetkeys 2022-10-05 v1.19 Key value parser (HO)
)
(/usr/share/texlive/texmf-dist/tex/generic/kvdefinekeys/kvdefinekeys.sty
Package: kvdefinekeys 2019-12-19 v1.6 Define keys (HO)
)
(/usr/share/texlive/texmf-dist/tex/generic/pdfescape/pdfescape.sty
Package: pdfescape 2019/12/09 v1.15 Implements pdfTeX's escape features (HO)

(/usr/share/texlive/texmf-dist/tex/generic/ltxcmds/ltxcmds.sty
Package: ltxcmds 2023-12-04 v1.26 LaTeX kernel commands for general use (HO)
)
(/usr/share/texlive/texmf-dist/tex/generic/pdftexcmds/pdftexcmds.sty
Package: pdftexcmds 2020-06-27 v0.33 Utility functions of pdfTeX for LuaTeX (HO
)

(/usr/share/texlive/texmf-dist/tex/generic/infwarerr/infwarerr.sty
Package: infwarerr 2019/12/03 v1.5 Providing info/warning/error messages (HO)
)
Package pdftexcmds Info: \pdf@primitive is available.
Package pdftexcmds Info: \pdf@ifprimitive is available.
Package pdftexcmds Info: \pdfdraftmode found.
\pdftexcmds@toks=\toks32
))
(/usr/share/texlive/texmf-dist/tex/latex/hycolor/hycolor.sty
Package: hycolor 2020-01-27 v1.10 Color options for hyperref/bookmark (HO)
)
(/usr/share/texlive/texmf-dist/tex/latex/auxhook/auxhook.sty
Package: auxhook 2019-12-17 v1.6 Hooks for auxiliary files (HO)
)
(/usr/share/texlive/texmf-dist/tex/latex/hyperref/nameref.sty
Package: nameref 2023-11-26 v2.56 Cross-referencing by name of section

(/usr/share/texlive/texmf-dist/tex/latex/refcount/refcount.sty
Package: refcount 2019/12/15 v3.6 Data extraction from label references (HO)
)
(/usr/share/texlive/texmf-dist/tex/generic/gettitlestring/gettitlestring.sty
Package: gettitlestring 2019/12/15 v1.6 Cleanup title references (HO)

(/usr/share/texlive/texmf-dist/tex/latex/kvoptions/kvoptions.sty
Package: kvoptions 2022-06-15 v3.15 Key value format for package options (HO)
))
\c@section@level=\count298
)
\@linkdim=\dimen175
\Hy@linkcounter=\count299
\Hy@pagecounter=\count300

(/usr/share/texlive/texmf-dist/tex/latex/hyperref/pd1enc.def
File: pd1enc.def 2024-01-20 v7.01h Hyperref: PDFDocEncoding definition (HO)
)
(/usr/share/texlive/texmf-dist/tex/generic/intcalc/intcalc.sty
Package: intcalc 2019/12/15 v1.3 Expandable calculations with integers (HO)
)
\Hy@SavedSpaceFactor=\count301

(/usr/share/texlive/texmf-dist/tex/latex/hyperref/puenc.def
File: puenc.def 2024-01-20 v7.01h Hyperref: PDF Unicode definition (HO)
)
Package hyperref Info: Option `colorlinks' set `true' on input line 4062.
Package hyperref Info: Hyper figures OFF on input line 4179.
Package hyperref Info: Link nesting OFF on input line 4184.
Package hyperref Info: Hyper index ON on input line 4187.
Package hyperref Info: Plain pages OFF on input line 4194.
Package hyperref Info: Backreferencing OFF on input line 4199.
Package hyperref Info: Implicit mode ON; LaTeX internals redefined.
Package hyperref Info: Bookmarks ON on input line 4446.
\c@Hy@tempcnt=\count302

(/usr/share/texlive/texmf-dist/tex/latex/url/url.sty
\Urlmuskip=\muskip17
Package: url 2013/09/16  ver 3.4  Verb mode for urls, etc.
)
LaTeX Info: Redefining \url on input line 4784.
\XeTeXLinkMargin=\dimen176

(/usr/share/texlive/texmf-dist/tex/generic/bitset/bitset.sty
Package: bitset 2019/12/09 v1.3 Handle bit-vector datatype (HO)

(/usr/share/texlive/texmf-dist/tex/generic/bigintcalc/bigintcalc.sty
Package: bigintcalc 2019/12/15 v1.5 Expandable calculations on big integers (HO
)
))
\Fld@menulength=\count303
\Field@Width=\dimen177
\Fld@charsize=\dimen178
Package hyperref Info: Hyper figures OFF on input line 6063.
Package hyperref Info: Link nesting OFF on input line 6068.
Package hyperref Info: Hyper index ON on input line 6071.
Package hyperref Info: backreferencing OFF on input line 6078.
Package hyperref Info: Link coloring ON on input line 6081.
Package hyperref Info: Link coloring with OCG OFF on input line 6088.
Package hyperref Info: PDF/A mode OFF on input line 6093.

(/usr/share/texlive/texmf-dist/tex/latex/base/atbegshi-ltx.sty
Package: atbegshi-ltx 2021/01/10 v1.0c Emulation of the original atbegshi
package with kernel methods
)
\Hy@abspage=\count304
\c@Item=\count305
\c@Hfootnote=\count306
)
Package hyperref Info: Driver (autodetected): hluatex.

(/usr/share/texlive/texmf-dist/tex/latex/hyperref/hluatex.def
File: hluatex.def 2024-01-20 v7.01h Hyperref driver for luaTeX

(/usr/share/texlive/texmf-dist/tex/generic/stringenc/stringenc.sty
Package: stringenc 2019/11/29 v1.12 Convert strings between diff. encodings (HO
)
)
(/usr/share/texlive/texmf-dist/tex/latex/base/atveryend-ltx.sty
Package: atveryend-ltx 2020/08/19 v1.0a Emulation of the original atveryend pac
kage
with kernel methods
)
\Fld@listcount=\count307
\c@bookmark@seq@number=\count308

(/usr/share/texlive/texmf-dist/tex/latex/rerunfilecheck/rerunfilecheck.sty
Package: rerunfilecheck 2022-07-10 v1.10 Rerun checks for auxiliary files (HO)

(/usr/share/texlive/texmf-dist/tex/generic/uniquecounter/uniquecounter.sty
Package: uniquecounter 2019/12/15 v1.4 Provide unlimited unique counter (HO)
)
Package uniquecounter Info: New unique counter `rerunfilecheck' on input line 2
85.
)
\Hy@SectionHShift=\skip57
)
(/usr/share/texlive/texmf-dist/tex/latex/natbib/natbib.sty
Package: natbib 2010/09/13 8.31b (PWD, AO)
\bibhang=\skip58
\bibsep=\skip59
LaTeX Info: Redefining \cite on input line 694.
\c@NAT@ctr=\count309
)
(/usr/share/texlive/texmf-dist/tex/latex/csquotes/csquotes.sty
Package: csquotes 2022-09-14 v5.2n context-sensitive quotations (JAW)
\csq@reset=\count310
\csq@gtype=\count311
\csq@glevel=\count312
\csq@qlevel=\count313
\csq@maxlvl=\count314
\csq@tshold=\count315
\csq@ltx@everypar=\toks33

(/usr/share/texlive/texmf-dist/tex/latex/csquotes/csquotes.def
File: csquotes.def 2022-09-14 v5.2n csquotes generic definitions (JAW)
)
Package csquotes Info: Trying to load configuration file 'csquotes.cfg'...
Package csquotes Info: ... configuration file loaded successfully.

(/usr/share/texlive/texmf-dist/tex/latex/csquotes/csquotes.cfg
File: csquotes.cfg 
))
Package csquotes Info: Checking for multilingual support...
Package csquotes Info: ... found 'babel' package.
Package csquotes Info: Adjusting default style.
Package csquotes Info: Redefining alias 'default' -> 'english'.

(./economics-of-irreversibility.aux)
\openout1 = economics-of-irreversibility.aux

LaTeX Font Info:    Checking defaults for OML/cmm/m/it on input line 34.
LaTeX Font Info:    ... okay on input line 34.
LaTeX Font Info:    Checking defaults for OMS/cmsy/m/n on input line 34.
LaTeX Font Info:    ... okay on input line 34.
LaTeX Font Info:    Checking defaults for OT1/cmr/m/n on input line 34.
LaTeX Font Info:    ... okay on input line 34.
LaTeX Font Info:    Checking defaults for T1/cmr/m/n on input line 34.
LaTeX Font Info:    ... okay on input line 34.
LaTeX Font Info:    Checking defaults for TS1/cmr/m/n on input line 34.
LaTeX Font Info:    Trying to load font information for TS1+cmr on input line 3
4.

(/usr/share/texlive/texmf-dist/tex/latex/base/ts1cmr.fd
File: ts1cmr.fd 2023/04/13 v2.5m Standard LaTeX font definitions
)
LaTeX Font Info:    ... okay on input line 34.
LaTeX Font Info:    Checking defaults for TU/lmr/m/n on input line 34.
LaTeX Font Info:    ... okay on input line 34.
LaTeX Font Info:    Checking defaults for OMX/cmex/m/n on input line 34.
LaTeX Font Info:    ... okay on input line 34.
LaTeX Font Info:    Checking defaults for U/cmr/m/n on input line 34.
LaTeX Font Info:    ... okay on input line 34.
LaTeX Font Info:    Checking defaults for PD1/pdf/m/n on input line 34.
LaTeX Font Info:    ... okay on input line 34.
LaTeX Font Info:    Checking defaults for PU/pdf/m/n on input line 34.
LaTeX Font Info:    ... okay on input line 34.

Package fontspec Info: Adjusting the maths setup (use [no-math] to avoid
(fontspec)             this).

\symlegacymaths=\mathgroup6
LaTeX Font Info:    Overwriting symbol font `legacymaths' in version `bold'
(Font)                  OT1/cmr/m/n --> OT1/cmr/bx/n on input line 34.
LaTeX Font Info:    Redeclaring math accent \acute on input line 34.
LaTeX Font Info:    Redeclaring math accent \grave on input line 34.
LaTeX Font Info:    Redeclaring math accent \ddot on input line 34.
LaTeX Font Info:    Redeclaring math accent \tilde on input line 34.
LaTeX Font Info:    Redeclaring math accent \bar on input line 34.
LaTeX Font Info:    Redeclaring math accent \breve on input line 34.
LaTeX Font Info:    Redeclaring math accent \check on input line 34.
LaTeX Font Info:    Redeclaring math accent \hat on input line 34.
LaTeX Font Info:    Redeclaring math accent \dot on input line 34.
LaTeX Font Info:    Redeclaring math accent \mathring on input line 34.
LaTeX Font Info:    Redeclaring math symbol \Gamma on input line 34.
LaTeX Font Info:    Redeclaring math symbol \Delta on input line 34.
LaTeX Font Info:    Redeclaring math symbol \Theta on input line 34.
LaTeX Font Info:    Redeclaring math symbol \Lambda on input line 34.
LaTeX Font Info:    Redeclaring math symbol \Xi on input line 34.
LaTeX Font Info:    Redeclaring math symbol \Pi on input line 34.
LaTeX Font Info:    Redeclaring math symbol \Sigma on input line 34.
LaTeX Font Info:    Redeclaring math symbol \Upsilon on input line 34.
LaTeX Font Info:    Redeclaring math symbol \Phi on input line 34.
LaTeX Font Info:    Redeclaring math symbol \Psi on input line 34.
LaTeX Font Info:    Redeclaring math symbol \Omega on input line 34.
LaTeX Font Info:    Redeclaring math symbol \mathdollar on input line 34.
LaTeX Font Info:    Redeclaring symbol font `operators' on input line 34.
LaTeX Font Info:    Encoding `OT1' has changed to `TU' for symbol font
(Font)              `operators' in the math version `normal' on input line 34.
LaTeX Font Info:    Overwriting symbol font `operators' in version `normal'
(Font)                  OT1/cmr/m/n --> TU/TeXGyrePagella(0)/m/n on input line 
34.
LaTeX Font Info:    Encoding `OT1' has changed to `TU' for symbol font
(Font)              `operators' in the math version `bold' on input line 34.
LaTeX Font Info:    Overwriting symbol font `operators' in version `bold'
(Font)                  OT1/cmr/bx/n --> TU/TeXGyrePagella(0)/m/n on input line
 34.
LaTeX Font Info:    Overwriting symbol font `operators' in version `normal'
(Font)                  TU/TeXGyrePagella(0)/m/n --> TU/TeXGyrePagella(0)/m/n o
n input line 34.
LaTeX Font Info:    Overwriting math alphabet `\mathit' in version `normal'
(Font)                  OT1/cmr/m/it --> TU/TeXGyrePagella(0)/m/it on input lin
e 34.
LaTeX Font Info:    Overwriting math alphabet `\mathbf' in version `normal'
(Font)                  OT1/cmr/bx/n --> TU/TeXGyrePagella(0)/b/n on input line
 34.
LaTeX Font Info:    Overwriting math alphabet `\mathsf' in version `normal'
(Font)                  OT1/cmss/m/n --> TU/lmss/m/n on input line 34.
LaTeX Font Info:    Overwriting math alphabet `\mathtt' in version `normal'
(Font)                  OT1/cmtt/m/n --> TU/lmtt/m/n on input line 34.
LaTeX Font Info:    Overwriting symbol font `operators' in version `bold'
(Font)                  TU/TeXGyrePagella(0)/m/n --> TU/TeXGyrePagella(0)/b/n o
n input line 34.
LaTeX Font Info:    Overwriting math alphabet `\mathit' in version `bold'
(Font)                  OT1/cmr/bx/it --> TU/TeXGyrePagella(0)/b/it on input li
ne 34.
LaTeX Font Info:    Overwriting math alphabet `\mathsf' in version `bold'
(Font)                  OT1/cmss/bx/n --> TU/lmss/b/n on input line 34.
LaTeX Font Info:    Overwriting math alphabet `\mathtt' in version `bold'
(Font)                  OT1/cmtt/m/n --> TU/lmtt/b/n on input line 34.

*geometry* driver: auto-detecting
*geometry* detected driver: luatex
*geometry* verbose mode - [ preamble ] result:
* driver: luatex
* paper: a4paper
* layout: <same size as paper>
* layoutoffset:(h,v)=(0.0pt,0.0pt)
* modes: 
* h-part:(L,W,R)=(83.11005pt, 431.28778pt, 83.11005pt)
* v-part:(T,H,B)=(83.11005pt, 678.82675pt, 83.11005pt)
* \paperwidth=597.50787pt
* \paperheight=845.04684pt
* \textwidth=431.28778pt
* \textheight=678.82675pt
* \oddsidemargin=10.84006pt
* \evensidemargin=10.84006pt
* \topmargin=-26.15994pt
* \headheight=12.0pt
* \headsep=25.0pt
* \topskip=11.0pt
* \footskip=30.0pt
* \marginparwidth=59.0pt
* \marginparsep=10.0pt
* \columnsep=10.0pt
* \skip\footins=10.0pt plus 4.0pt minus 2.0pt
* \hoffset=0.0pt
* \voffset=0.0pt
* \mag=1000
* \@twocolumnfalse
* \@twosidefalse
* \@mparswitchfalse
* \@reversemarginfalse
* (1in=72.27pt=25.4mm, 1cm=28.453pt)

LaTeX Info: Redefining \microtypecontext on input line 34.
Package microtype Info: Applying patch `item' on input line 34.
Package microtype Info: Applying patch `toc' on input line 34.
Package microtype Info: Applying patch `eqnum' on input line 34.
Package microtype Info: Applying patch `footnote' on input line 34.
Package microtype Info: Applying patch `verbatim' on input line 34.
Package microtype Info: Generating PDF output.
Package microtype Info: Character protrusion enabled (level 2).
Package microtype Info: Using default protrusion set `alltext'.
Package microtype Info: Automatic font expansion enabled (level 2),
(microtype)             stretch: 20, shrink: 20, step: 1, non-selected.
Package microtype Info: Using default expansion set `alltext-nott'.
LaTeX Info: Redefining \showhyphens on input line 34.
Package microtype Info: No adjustment of tracking.
Package microtype Info: No adjustment of spacing.
Package microtype Info: No adjustment of kerning.
(/usr/share/texlive/texmf-dist/tex/latex/microtype/mt-Palatino.cfg
File: mt-Palatino.cfg 2012/03/10 v1.0 microtype config. file: Palatino and simi
lar fonts (LBD)
)
Package microtype Info: Character `ﬆ' is missing
(microtype)             in font `TU/TeXGyrePagella(0)/m/n/10.95'.
(microtype)             Ignoring protrusion settings for this character.
Package microtype Info: Character `ﬅ' is missing
(microtype)             in font `TU/TeXGyrePagella(0)/m/n/10.95'.
(microtype)             Ignoring protrusion settings for this character.
Package microtype Info: Character `‥' is missing
(microtype)             in font `TU/TeXGyrePagella(0)/m/n/10.95'.
(microtype)             Ignoring protrusion settings for this character.
Package microtype Info: Character `‼' is missing
(microtype)             in font `TU/TeXGyrePagella(0)/m/n/10.95'.
(microtype)             Ignoring protrusion settings for this character.
Package microtype Info: Character `⁰' is missing
(microtype)             in font `TU/TeXGyrePagella(0)/m/n/10.95'.
(microtype)             Ignoring protrusion settings for this character.
Package microtype Info: Character `⁴' is missing
(microtype)             in font `TU/TeXGyrePagella(0)/m/n/10.95'.
(microtype)             Ignoring protrusion settings for this character.
Package microtype Info: Character `⁵' is missing
(microtype)             in font `TU/TeXGyrePagella(0)/m/n/10.95'.
(microtype)             Ignoring protrusion settings for this character.
Package microtype Info: Character `⁶' is missing
(microtype)             in font `TU/TeXGyrePagella(0)/m/n/10.95'.
(microtype)             Ignoring protrusion settings for this character.
Package microtype Info: Character `⁷' is missing
(microtype)             in font `TU/TeXGyrePagella(0)/m/n/10.95'.
(microtype)             Ignoring protrusion settings for this character.
Package microtype Info: Character `⁸' is missing
(microtype)             in font `TU/TeXGyrePagella(0)/m/n/10.95'.
(microtype)             Ignoring protrusion settings for this character.
Package microtype Info: Character `⁹' is missing
(microtype)             in font `TU/TeXGyrePagella(0)/m/n/10.95'.
(microtype)             Ignoring protrusion settings for this character.
Package microtype Info: Character `₀' is missing
(microtype)             in font `TU/TeXGyrePagella(0)/m/n/10.95'.
(microtype)             Ignoring protrusion settings for this character.
Package microtype Info: Character `₁' is missing
(microtype)             in font `TU/TeXGyrePagella(0)/m/n/10.95'.
(microtype)             Ignoring protrusion settings for this character.
Package microtype Info: Character `₂' is missing
(microtype)             in font `TU/TeXGyrePagella(0)/m/n/10.95'.
(microtype)             Ignoring protrusion settings for this character.
Package microtype Info: Character `₃' is missing
(microtype)             in font `TU/TeXGyrePagella(0)/m/n/10.95'.
(microtype)             Ignoring protrusion settings for this character.
Package microtype Info: Character `₄' is missing
(microtype)             in font `TU/TeXGyrePagella(0)/m/n/10.95'.
(microtype)             Ignoring protrusion settings for this character.
Package microtype Info: Character `₅' is missing
(microtype)             in font `TU/TeXGyrePagella(0)/m/n/10.95'.
(microtype)             Ignoring protrusion settings for this character.
Package microtype Info: Character `₆' is missing
(microtype)             in font `TU/TeXGyrePagella(0)/m/n/10.95'.
(microtype)             Ignoring protrusion settings for this character.
Package microtype Info: Character `₇' is missing
(microtype)             in font `TU/TeXGyrePagella(0)/m/n/10.95'.
(microtype)             Ignoring protrusion settings for this character.
Package microtype Info: Character `₈' is missing
(microtype)             in font `TU/TeXGyrePagella(0)/m/n/10.95'.
(microtype)             Ignoring protrusion settings for this character.
Package microtype Info: Character `₉' is missing
(microtype)             in font `TU/TeXGyrePagella(0)/m/n/10.95'.
(microtype)             Ignoring protrusion settings for this character.
Package microtype Info: Character `₊' is missing
(microtype)             in font `TU/TeXGyrePagella(0)/m/n/10.95'.
(microtype)             Ignoring protrusion settings for this character.
Package microtype Info: Character `₋' is missing
(microtype)             in font `TU/TeXGyrePagella(0)/m/n/10.95'.
(microtype)             Ignoring protrusion settings for this character.
Package microtype Info: Character `⁺' is missing
(microtype)             in font `TU/TeXGyrePagella(0)/m/n/10.95'.
(microtype)             Ignoring protrusion settings for this character.
Package microtype Info: Character `⁻' is missing
(microtype)             in font `TU/TeXGyrePagella(0)/m/n/10.95'.
(microtype)             Ignoring protrusion settings for this character.

(/usr/share/texlive/texmf-dist/tex/context/base/mkii/supp-pdf.mkii
[Loading MPS to PDF converter (version 2006.09.02).]
\scratchcounter=\count316
\scratchdimen=\dimen179
\scratchbox=\box55
\nofMPsegments=\count317
\nofMParguments=\count318
\everyMPshowfont=\toks34
\MPscratchCnt=\count319
\MPscratchDim=\dimen180
\MPnumerator=\count320
\makeMPintoPDFobject=\count321
\everyMPtoPDFconversion=\toks35
)
Package hyperref Info: Link coloring ON on input line 34.
 (./economics-of-irreversibility.out) (./economics-of-irreversibility.out)
\@outlinefile=\write3

\openout3 = economics-of-irreversibility.out
Package microtype Info: Character `ﬆ' is missing
(microtype)             in font `TU/TeXGyrePagella(0)/m/n/17.28'.
(microtype)             Ignoring protrusion settings for this character.
Package microtype Info: Character `ﬅ' is missing
(microtype)             in font `TU/TeXGyrePagella(0)/m/n/17.28'.
(microtype)             Ignoring protrusion settings for this character.
Package microtype Info: Character `‥' is missing
(microtype)             in font `TU/TeXGyrePagella(0)/m/n/17.28'.
(microtype)             Ignoring protrusion settings for this character.
Package microtype Info: Character `‼' is missing
(microtype)             in font `TU/TeXGyrePagella(0)/m/n/17.28'.
(microtype)             Ignoring protrusion settings for this character.
Package microtype Info: Character `⁰' is missing
(microtype)             in font `TU/TeXGyrePagella(0)/m/n/17.28'.
(microtype)             Ignoring protrusion settings for this character.
Package microtype Info: Character `⁴' is missing
(microtype)             in font `TU/TeXGyrePagella(0)/m/n/17.28'.
(microtype)             Ignoring protrusion settings for this character.
Package microtype Info: Character `⁵' is missing
(microtype)             in font `TU/TeXGyrePagella(0)/m/n/17.28'.
(microtype)             Ignoring protrusion settings for this character.
Package microtype Info: Character `⁶' is missing
(microtype)             in font `TU/TeXGyrePagella(0)/m/n/17.28'.
(microtype)             Ignoring protrusion settings for this character.
Package microtype Info: Character `⁷' is missing
(microtype)             in font `TU/TeXGyrePagella(0)/m/n/17.28'.
(microtype)             Ignoring protrusion settings for this character.
Package microtype Info: Character `⁸' is missing
(microtype)             in font `TU/TeXGyrePagella(0)/m/n/17.28'.
(microtype)             Ignoring protrusion settings for this character.
Package microtype Info: Character `⁹' is missing
(microtype)             in font `TU/TeXGyrePagella(0)/m/n/17.28'.
(microtype)             Ignoring protrusion settings for this character.
Package microtype Info: Character `₀' is missing
(microtype)             in font `TU/TeXGyrePagella(0)/m/n/17.28'.
(microtype)             Ignoring protrusion settings for this character.
Package microtype Info: Character `₁' is missing
(microtype)             in font `TU/TeXGyrePagella(0)/m/n/17.28'.
(microtype)             Ignoring protrusion settings for this character.
Package microtype Info: Character `₂' is missing
(microtype)             in font `TU/TeXGyrePagella(0)/m/n/17.28'.
(microtype)             Ignoring protrusion settings for this character.
Package microtype Info: Character `₃' is missing
(microtype)             in font `TU/TeXGyrePagella(0)/m/n/17.28'.
(microtype)             Ignoring protrusion settings for this character.
Package microtype Info: Character `₄' is missing
(microtype)             in font `TU/TeXGyrePagella(0)/m/n/17.28'.
(microtype)             Ignoring protrusion settings for this character.
Package microtype Info: Character `₅' is missing
(microtype)             in font `TU/TeXGyrePagella(0)/m/n/17.28'.
(microtype)             Ignoring protrusion settings for this character.
Package microtype Info: Character `₆' is missing
(microtype)             in font `TU/TeXGyrePagella(0)/m/n/17.28'.
(microtype)             Ignoring protrusion settings for this character.
Package microtype Info: Character `₇' is missing
(microtype)             in font `TU/TeXGyrePagella(0)/m/n/17.28'.
(microtype)             Ignoring protrusion settings for this character.
Package microtype Info: Character `₈' is missing
(microtype)             in font `TU/TeXGyrePagella(0)/m/n/17.28'.
(microtype)             Ignoring protrusion settings for this character.
Package microtype Info: Character `₉' is missing
(microtype)             in font `TU/TeXGyrePagella(0)/m/n/17.28'.
(microtype)             Ignoring protrusion settings for this character.
Package microtype Info: Character `₊' is missing
(microtype)             in font `TU/TeXGyrePagella(0)/m/n/17.28'.
(microtype)             Ignoring protrusion settings for this character.
Package microtype Info: Character `₋' is missing
(microtype)             in font `TU/TeXGyrePagella(0)/m/n/17.28'.
(microtype)             Ignoring protrusion settings for this character.
Package microtype Info: Character `⁺' is missing
(microtype)             in font `TU/TeXGyrePagella(0)/m/n/17.28'.
(microtype)             Ignoring protrusion settings for this character.
Package microtype Info: Character `⁻' is missing
(microtype)             in font `TU/TeXGyrePagella(0)/m/n/17.28'.
(microtype)             Ignoring protrusion settings for this character.
Package microtype Info: Character `ﬆ' is missing
(microtype)             in font `TU/TeXGyrePagella(0)/b/n/17.28'.
(microtype)             Ignoring protrusion settings for this character.
Package microtype Info: Character `ﬅ' is missing
(microtype)             in font `TU/TeXGyrePagella(0)/b/n/17.28'.
(microtype)             Ignoring protrusion settings for this character.
Package microtype Info: Character `‥' is missing
(microtype)             in font `TU/TeXGyrePagella(0)/b/n/17.28'.
(microtype)             Ignoring protrusion settings for this character.
Package microtype Info: Character `‼' is missing
(microtype)             in font `TU/TeXGyrePagella(0)/b/n/17.28'.
(microtype)             Ignoring protrusion settings for this character.
Package microtype Info: Character `⁰' is missing
(microtype)             in font `TU/TeXGyrePagella(0)/b/n/17.28'.
(microtype)             Ignoring protrusion settings for this character.
Package microtype Info: Character `⁴' is missing
(microtype)             in font `TU/TeXGyrePagella(0)/b/n/17.28'.
(microtype)             Ignoring protrusion settings for this character.
Package microtype Info: Character `⁵' is missing
(microtype)             in font `TU/TeXGyrePagella(0)/b/n/17.28'.
(microtype)             Ignoring protrusion settings for this character.
Package microtype Info: Character `⁶' is missing
(microtype)             in font `TU/TeXGyrePagella(0)/b/n/17.28'.
(microtype)             Ignoring protrusion settings for this character.
Package microtype Info: Character `⁷' is missing
(microtype)             in font `TU/TeXGyrePagella(0)/b/n/17.28'.
(microtype)             Ignoring protrusion settings for this character.
Package microtype Info: Character `⁸' is missing
(microtype)             in font `TU/TeXGyrePagella(0)/b/n/17.28'.
(microtype)             Ignoring protrusion settings for this character.
Package microtype Info: Character `⁹' is missing
(microtype)             in font `TU/TeXGyrePagella(0)/b/n/17.28'.
(microtype)             Ignoring protrusion settings for this character.
Package microtype Info: Character `₀' is missing
(microtype)             in font `TU/TeXGyrePagella(0)/b/n/17.28'.
(microtype)             Ignoring protrusion settings for this character.
Package microtype Info: Character `₁' is missing
(microtype)             in font `TU/TeXGyrePagella(0)/b/n/17.28'.
(microtype)             Ignoring protrusion settings for this character.
Package microtype Info: Character `₂' is missing
(microtype)             in font `TU/TeXGyrePagella(0)/b/n/17.28'.
(microtype)             Ignoring protrusion settings for this character.
Package microtype Info: Character `₃' is missing
(microtype)             in font `TU/TeXGyrePagella(0)/b/n/17.28'.
(microtype)             Ignoring protrusion settings for this character.
Package microtype Info: Character `₄' is missing
(microtype)             in font `TU/TeXGyrePagella(0)/b/n/17.28'.
(microtype)             Ignoring protrusion settings for this character.
Package microtype Info: Character `₅' is missing
(microtype)             in font `TU/TeXGyrePagella(0)/b/n/17.28'.
(microtype)             Ignoring protrusion settings for this character.
Package microtype Info: Character `₆' is missing
(microtype)             in font `TU/TeXGyrePagella(0)/b/n/17.28'.
(microtype)             Ignoring protrusion settings for this character.
Package microtype Info: Character `₇' is missing
(microtype)             in font `TU/TeXGyrePagella(0)/b/n/17.28'.
(microtype)             Ignoring protrusion settings for this character.
Package microtype Info: Character `₈' is missing
(microtype)             in font `TU/TeXGyrePagella(0)/b/n/17.28'.
(microtype)             Ignoring protrusion settings for this character.
Package microtype Info: Character `₉' is missing
(microtype)             in font `TU/TeXGyrePagella(0)/b/n/17.28'.
(microtype)             Ignoring protrusion settings for this character.
Package microtype Info: Character `₊' is missing
(microtype)             in font `TU/TeXGyrePagella(0)/b/n/17.28'.
(microtype)             Ignoring protrusion settings for this character.
Package microtype Info: Character `₋' is missing
(microtype)             in font `TU/TeXGyrePagella(0)/b/n/17.28'.
(microtype)             Ignoring protrusion settings for this character.
Package microtype Info: Character `⁺' is missing
(microtype)             in font `TU/TeXGyrePagella(0)/b/n/17.28'.
(microtype)             Ignoring protrusion settings for this character.
Package microtype Info: Character `⁻' is missing
(microtype)             in font `TU/TeXGyrePagella(0)/b/n/17.28'.
(microtype)             Ignoring protrusion settings for this character.
Package microtype Info: Character `ﬆ' is missing
(microtype)             in font `TU/TeXGyrePagella(0)/m/n/12'.
(microtype)             Ignoring protrusion settings for this character.
Package microtype Info: Character `ﬅ' is missing
(microtype)             in font `TU/TeXGyrePagella(0)/m/n/12'.
(microtype)             Ignoring protrusion settings for this character.
Package microtype Info: Character `‥' is missing
(microtype)             in font `TU/TeXGyrePagella(0)/m/n/12'.
(microtype)             Ignoring protrusion settings for this character.
Package microtype Info: Character `‼' is missing
(microtype)             in font `TU/TeXGyrePagella(0)/m/n/12'.
(microtype)             Ignoring protrusion settings for this character.
Package microtype Info: Character `⁰' is missing
(microtype)             in font `TU/TeXGyrePagella(0)/m/n/12'.
(microtype)             Ignoring protrusion settings for this character.
Package microtype Info: Character `⁴' is missing
(microtype)             in font `TU/TeXGyrePagella(0)/m/n/12'.
(microtype)             Ignoring protrusion settings for this character.
Package microtype Info: Character `⁵' is missing
(microtype)             in font `TU/TeXGyrePagella(0)/m/n/12'.
(microtype)             Ignoring protrusion settings for this character.
Package microtype Info: Character `⁶' is missing
(microtype)             in font `TU/TeXGyrePagella(0)/m/n/12'.
(microtype)             Ignoring protrusion settings for this character.
Package microtype Info: Character `⁷' is missing
(microtype)             in font `TU/TeXGyrePagella(0)/m/n/12'.
(microtype)             Ignoring protrusion settings for this character.
Package microtype Info: Character `⁸' is missing
(microtype)             in font `TU/TeXGyrePagella(0)/m/n/12'.
(microtype)             Ignoring protrusion settings for this character.
Package microtype Info: Character `⁹' is missing
(microtype)             in font `TU/TeXGyrePagella(0)/m/n/12'.
(microtype)             Ignoring protrusion settings for this character.
Package microtype Info: Character `₀' is missing
(microtype)             in font `TU/TeXGyrePagella(0)/m/n/12'.
(microtype)             Ignoring protrusion settings for this character.
Package microtype Info: Character `₁' is missing
(microtype)             in font `TU/TeXGyrePagella(0)/m/n/12'.
(microtype)             Ignoring protrusion settings for this character.
Package microtype Info: Character `₂' is missing
(microtype)             in font `TU/TeXGyrePagella(0)/m/n/12'.
(microtype)             Ignoring protrusion settings for this character.
Package microtype Info: Character `₃' is missing
(microtype)             in font `TU/TeXGyrePagella(0)/m/n/12'.
(microtype)             Ignoring protrusion settings for this character.
Package microtype Info: Character `₄' is missing
(microtype)             in font `TU/TeXGyrePagella(0)/m/n/12'.
(microtype)             Ignoring protrusion settings for this character.
Package microtype Info: Character `₅' is missing
(microtype)             in font `TU/TeXGyrePagella(0)/m/n/12'.
(microtype)             Ignoring protrusion settings for this character.
Package microtype Info: Character `₆' is missing
(microtype)             in font `TU/TeXGyrePagella(0)/m/n/12'.
(microtype)             Ignoring protrusion settings for this character.
Package microtype Info: Character `₇' is missing
(microtype)             in font `TU/TeXGyrePagella(0)/m/n/12'.
(microtype)             Ignoring protrusion settings for this character.
Package microtype Info: Character `₈' is missing
(microtype)             in font `TU/TeXGyrePagella(0)/m/n/12'.
(microtype)             Ignoring protrusion settings for this character.
Package microtype Info: Character `₉' is missing
(microtype)             in font `TU/TeXGyrePagella(0)/m/n/12'.
(microtype)             Ignoring protrusion settings for this character.
Package microtype Info: Character `₊' is missing
(microtype)             in font `TU/TeXGyrePagella(0)/m/n/12'.
(microtype)             Ignoring protrusion settings for this character.
Package microtype Info: Character `₋' is missing
(microtype)             in font `TU/TeXGyrePagella(0)/m/n/12'.
(microtype)             Ignoring protrusion settings for this character.
Package microtype Info: Character `⁺' is missing
(microtype)             in font `TU/TeXGyrePagella(0)/m/n/12'.
(microtype)             Ignoring protrusion settings for this character.
Package microtype Info: Character `⁻' is missing
(microtype)             in font `TU/TeXGyrePagella(0)/m/n/12'.
(microtype)             Ignoring protrusion settings for this character.
Package microtype Info: Character `ﬆ' is missing
(microtype)             in font `TU/TeXGyrePagella(0)/m/n/8'.
(microtype)             Ignoring protrusion settings for this character.
Package microtype Info: Character `ﬅ' is missing
(microtype)             in font `TU/TeXGyrePagella(0)/m/n/8'.
(microtype)             Ignoring protrusion settings for this character.
Package microtype Info: Character `‥' is missing
(microtype)             in font `TU/TeXGyrePagella(0)/m/n/8'.
(microtype)             Ignoring protrusion settings for this character.
Package microtype Info: Character `‼' is missing
(microtype)             in font `TU/TeXGyrePagella(0)/m/n/8'.
(microtype)             Ignoring protrusion settings for this character.
Package microtype Info: Character `⁰' is missing
(microtype)             in font `TU/TeXGyrePagella(0)/m/n/8'.
(microtype)             Ignoring protrusion settings for this character.
Package microtype Info: Character `⁴' is missing
(microtype)             in font `TU/TeXGyrePagella(0)/m/n/8'.
(microtype)             Ignoring protrusion settings for this character.
Package microtype Info: Character `⁵' is missing
(microtype)             in font `TU/TeXGyrePagella(0)/m/n/8'.
(microtype)             Ignoring protrusion settings for this character.
Package microtype Info: Character `⁶' is missing
(microtype)             in font `TU/TeXGyrePagella(0)/m/n/8'.
(microtype)             Ignoring protrusion settings for this character.
Package microtype Info: Character `⁷' is missing
(microtype)             in font `TU/TeXGyrePagella(0)/m/n/8'.
(microtype)             Ignoring protrusion settings for this character.
Package microtype Info: Character `⁸' is missing
(microtype)             in font `TU/TeXGyrePagella(0)/m/n/8'.
(microtype)             Ignoring protrusion settings for this character.
Package microtype Info: Character `⁹' is missing
(microtype)             in font `TU/TeXGyrePagella(0)/m/n/8'.
(microtype)             Ignoring protrusion settings for this character.
Package microtype Info: Character `₀' is missing
(microtype)             in font `TU/TeXGyrePagella(0)/m/n/8'.
(microtype)             Ignoring protrusion settings for this character.
Package microtype Info: Character `₁' is missing
(microtype)             in font `TU/TeXGyrePagella(0)/m/n/8'.
(microtype)             Ignoring protrusion settings for this character.
Package microtype Info: Character `₂' is missing
(microtype)             in font `TU/TeXGyrePagella(0)/m/n/8'.
(microtype)             Ignoring protrusion settings for this character.
Package microtype Info: Character `₃' is missing
(microtype)             in font `TU/TeXGyrePagella(0)/m/n/8'.
(microtype)             Ignoring protrusion settings for this character.
Package microtype Info: Character `₄' is missing
(microtype)             in font `TU/TeXGyrePagella(0)/m/n/8'.
(microtype)             Ignoring protrusion settings for this character.
Package microtype Info: Character `₅' is missing
(microtype)             in font `TU/TeXGyrePagella(0)/m/n/8'.
(microtype)             Ignoring protrusion settings for this character.
Package microtype Info: Character `₆' is missing
(microtype)             in font `TU/TeXGyrePagella(0)/m/n/8'.
(microtype)             Ignoring protrusion settings for this character.
Package microtype Info: Character `₇' is missing
(microtype)             in font `TU/TeXGyrePagella(0)/m/n/8'.
(microtype)             Ignoring protrusion settings for this character.
Package microtype Info: Character `₈' is missing
(microtype)             in font `TU/TeXGyrePagella(0)/m/n/8'.
(microtype)             Ignoring protrusion settings for this character.
Package microtype Info: Character `₉' is missing
(microtype)             in font `TU/TeXGyrePagella(0)/m/n/8'.
(microtype)             Ignoring protrusion settings for this character.
Package microtype Info: Character `₊' is missing
(microtype)             in font `TU/TeXGyrePagella(0)/m/n/8'.
(microtype)             Ignoring protrusion settings for this character.
Package microtype Info: Character `₋' is missing
(microtype)             in font `TU/TeXGyrePagella(0)/m/n/8'.
(microtype)             Ignoring protrusion settings for this character.
Package microtype Info: Character `⁺' is missing
(microtype)             in font `TU/TeXGyrePagella(0)/m/n/8'.
(microtype)             Ignoring protrusion settings for this character.
Package microtype Info: Character `⁻' is missing
(microtype)             in font `TU/TeXGyrePagella(0)/m/n/8'.
(microtype)             Ignoring protrusion settings for this character.
Package microtype Info: Character `ﬆ' is missing
(microtype)             in font `TU/TeXGyrePagella(0)/m/n/6'.
(microtype)             Ignoring protrusion settings for this character.
Package microtype Info: Character `ﬅ' is missing
(microtype)             in font `TU/TeXGyrePagella(0)/m/n/6'.
(microtype)             Ignoring protrusion settings for this character.
Package microtype Info: Character `‥' is missing
(microtype)             in font `TU/TeXGyrePagella(0)/m/n/6'.
(microtype)             Ignoring protrusion settings for this character.
Package microtype Info: Character `‼' is missing
(microtype)             in font `TU/TeXGyrePagella(0)/m/n/6'.
(microtype)             Ignoring protrusion settings for this character.
Package microtype Info: Character `⁰' is missing
(microtype)             in font `TU/TeXGyrePagella(0)/m/n/6'.
(microtype)             Ignoring protrusion settings for this character.
Package microtype Info: Character `⁴' is missing
(microtype)             in font `TU/TeXGyrePagella(0)/m/n/6'.
(microtype)             Ignoring protrusion settings for this character.
Package microtype Info: Character `⁵' is missing
(microtype)             in font `TU/TeXGyrePagella(0)/m/n/6'.
(microtype)             Ignoring protrusion settings for this character.
Package microtype Info: Character `⁶' is missing
(microtype)             in font `TU/TeXGyrePagella(0)/m/n/6'.
(microtype)             Ignoring protrusion settings for this character.
Package microtype Info: Character `⁷' is missing
(microtype)             in font `TU/TeXGyrePagella(0)/m/n/6'.
(microtype)             Ignoring protrusion settings for this character.
Package microtype Info: Character `⁸' is missing
(microtype)             in font `TU/TeXGyrePagella(0)/m/n/6'.
(microtype)             Ignoring protrusion settings for this character.
Package microtype Info: Character `⁹' is missing
(microtype)             in font `TU/TeXGyrePagella(0)/m/n/6'.
(microtype)             Ignoring protrusion settings for this character.
Package microtype Info: Character `₀' is missing
(microtype)             in font `TU/TeXGyrePagella(0)/m/n/6'.
(microtype)             Ignoring protrusion settings for this character.
Package microtype Info: Character `₁' is missing
(microtype)             in font `TU/TeXGyrePagella(0)/m/n/6'.
(microtype)             Ignoring protrusion settings for this character.
Package microtype Info: Character `₂' is missing
(microtype)             in font `TU/TeXGyrePagella(0)/m/n/6'.
(microtype)             Ignoring protrusion settings for this character.
Package microtype Info: Character `₃' is missing
(microtype)             in font `TU/TeXGyrePagella(0)/m/n/6'.
(microtype)             Ignoring protrusion settings for this character.
Package microtype Info: Character `₄' is missing
(microtype)             in font `TU/TeXGyrePagella(0)/m/n/6'.
(microtype)             Ignoring protrusion settings for this character.
Package microtype Info: Character `₅' is missing
(microtype)             in font `TU/TeXGyrePagella(0)/m/n/6'.
(microtype)             Ignoring protrusion settings for this character.
Package microtype Info: Character `₆' is missing
(microtype)             in font `TU/TeXGyrePagella(0)/m/n/6'.
(microtype)             Ignoring protrusion settings for this character.
Package microtype Info: Character `₇' is missing
(microtype)             in font `TU/TeXGyrePagella(0)/m/n/6'.
(microtype)             Ignoring protrusion settings for this character.
Package microtype Info: Character `₈' is missing
(microtype)             in font `TU/TeXGyrePagella(0)/m/n/6'.
(microtype)             Ignoring protrusion settings for this character.
Package microtype Info: Character `₉' is missing
(microtype)             in font `TU/TeXGyrePagella(0)/m/n/6'.
(microtype)             Ignoring protrusion settings for this character.
Package microtype Info: Character `₊' is missing
(microtype)             in font `TU/TeXGyrePagella(0)/m/n/6'.
(microtype)             Ignoring protrusion settings for this character.
Package microtype Info: Character `₋' is missing
(microtype)             in font `TU/TeXGyrePagella(0)/m/n/6'.
(microtype)             Ignoring protrusion settings for this character.
Package microtype Info: Character `⁺' is missing
(microtype)             in font `TU/TeXGyrePagella(0)/m/n/6'.
(microtype)             Ignoring protrusion settings for this character.
Package microtype Info: Character `⁻' is missing
(microtype)             in font `TU/TeXGyrePagella(0)/m/n/6'.
(microtype)             Ignoring protrusion settings for this character.
LaTeX Font Info:    Trying to load font information for U+msa on input line 37.


(/usr/share/texlive/texmf-dist/tex/latex/amsfonts/umsa.fd
File: umsa.fd 2013/01/14 v3.01 AMS symbols A
)
(/usr/share/texlive/texmf-dist/tex/latex/microtype/mt-msa.cfg
File: mt-msa.cfg 2006/02/04 v1.1 microtype config. file: AMS symbols (a) (RS)
)
LaTeX Font Info:    Trying to load font information for U+msb on input line 37.


(/usr/share/texlive/texmf-dist/tex/latex/amsfonts/umsb.fd
File: umsb.fd 2013/01/14 v3.01 AMS symbols B
)
(/usr/share/texlive/texmf-dist/tex/latex/microtype/mt-msb.cfg
File: mt-msb.cfg 2005/06/01 v1.0 microtype config. file: AMS symbols (b) (RS)
)
(/usr/share/texlive/texmf-dist/tex/latex/microtype/mt-cmr.cfg
File: mt-cmr.cfg 2013/05/19 v2.2 microtype config. file: Computer Modern Roman 
(RS)
)
Package microtype Info: Character `ﬆ' is missing
(microtype)             in font `TU/TeXGyrePagella(0)/m/n/10'.
(microtype)             Ignoring protrusion settings for this character.
Package microtype Info: Character `ﬅ' is missing
(microtype)             in font `TU/TeXGyrePagella(0)/m/n/10'.
(microtype)             Ignoring protrusion settings for this character.
Package microtype Info: Character `‥' is missing
(microtype)             in font `TU/TeXGyrePagella(0)/m/n/10'.
(microtype)             Ignoring protrusion settings for this character.
Package microtype Info: Character `‼' is missing
(microtype)             in font `TU/TeXGyrePagella(0)/m/n/10'.
(microtype)             Ignoring protrusion settings for this character.
Package microtype Info: Character `⁰' is missing
(microtype)             in font `TU/TeXGyrePagella(0)/m/n/10'.
(microtype)             Ignoring protrusion settings for this character.
Package microtype Info: Character `⁴' is missing
(microtype)             in font `TU/TeXGyrePagella(0)/m/n/10'.
(microtype)             Ignoring protrusion settings for this character.
Package microtype Info: Character `⁵' is missing
(microtype)             in font `TU/TeXGyrePagella(0)/m/n/10'.
(microtype)             Ignoring protrusion settings for this character.
Package microtype Info: Character `⁶' is missing
(microtype)             in font `TU/TeXGyrePagella(0)/m/n/10'.
(microtype)             Ignoring protrusion settings for this character.
Package microtype Info: Character `⁷' is missing
(microtype)             in font `TU/TeXGyrePagella(0)/m/n/10'.
(microtype)             Ignoring protrusion settings for this character.
Package microtype Info: Character `⁸' is missing
(microtype)             in font `TU/TeXGyrePagella(0)/m/n/10'.
(microtype)             Ignoring protrusion settings for this character.
Package microtype Info: Character `⁹' is missing
(microtype)             in font `TU/TeXGyrePagella(0)/m/n/10'.
(microtype)             Ignoring protrusion settings for this character.
Package microtype Info: Character `₀' is missing
(microtype)             in font `TU/TeXGyrePagella(0)/m/n/10'.
(microtype)             Ignoring protrusion settings for this character.
Package microtype Info: Character `₁' is missing
(microtype)             in font `TU/TeXGyrePagella(0)/m/n/10'.
(microtype)             Ignoring protrusion settings for this character.
Package microtype Info: Character `₂' is missing
(microtype)             in font `TU/TeXGyrePagella(0)/m/n/10'.
(microtype)             Ignoring protrusion settings for this character.
Package microtype Info: Character `₃' is missing
(microtype)             in font `TU/TeXGyrePagella(0)/m/n/10'.
(microtype)             Ignoring protrusion settings for this character.
Package microtype Info: Character `₄' is missing
(microtype)             in font `TU/TeXGyrePagella(0)/m/n/10'.
(microtype)             Ignoring protrusion settings for this character.
Package microtype Info: Character `₅' is missing
(microtype)             in font `TU/TeXGyrePagella(0)/m/n/10'.
(microtype)             Ignoring protrusion settings for this character.
Package microtype Info: Character `₆' is missing
(microtype)             in font `TU/TeXGyrePagella(0)/m/n/10'.
(microtype)             Ignoring protrusion settings for this character.
Package microtype Info: Character `₇' is missing
(microtype)             in font `TU/TeXGyrePagella(0)/m/n/10'.
(microtype)             Ignoring protrusion settings for this character.
Package microtype Info: Character `₈' is missing
(microtype)             in font `TU/TeXGyrePagella(0)/m/n/10'.
(microtype)             Ignoring protrusion settings for this character.
Package microtype Info: Character `₉' is missing
(microtype)             in font `TU/TeXGyrePagella(0)/m/n/10'.
(microtype)             Ignoring protrusion settings for this character.
Package microtype Info: Character `₊' is missing
(microtype)             in font `TU/TeXGyrePagella(0)/m/n/10'.
(microtype)             Ignoring protrusion settings for this character.
Package microtype Info: Character `₋' is missing
(microtype)             in font `TU/TeXGyrePagella(0)/m/n/10'.
(microtype)             Ignoring protrusion settings for this character.
Package microtype Info: Character `⁺' is missing
(microtype)             in font `TU/TeXGyrePagella(0)/m/n/10'.
(microtype)             Ignoring protrusion settings for this character.
Package microtype Info: Character `⁻' is missing
(microtype)             in font `TU/TeXGyrePagella(0)/m/n/10'.
(microtype)             Ignoring protrusion settings for this character.
Package microtype Info: Character `ﬆ' is missing
(microtype)             in font `TU/TeXGyrePagella(0)/b/n/10'.
(microtype)             Ignoring protrusion settings for this character.
Package microtype Info: Character `ﬅ' is missing
(microtype)             in font `TU/TeXGyrePagella(0)/b/n/10'.
(microtype)             Ignoring protrusion settings for this character.
Package microtype Info: Character `‥' is missing
(microtype)             in font `TU/TeXGyrePagella(0)/b/n/10'.
(microtype)             Ignoring protrusion settings for this character.
Package microtype Info: Character `‼' is missing
(microtype)             in font `TU/TeXGyrePagella(0)/b/n/10'.
(microtype)             Ignoring protrusion settings for this character.
Package microtype Info: Character `⁰' is missing
(microtype)             in font `TU/TeXGyrePagella(0)/b/n/10'.
(microtype)             Ignoring protrusion settings for this character.
Package microtype Info: Character `⁴' is missing
(microtype)             in font `TU/TeXGyrePagella(0)/b/n/10'.
(microtype)             Ignoring protrusion settings for this character.
Package microtype Info: Character `⁵' is missing
(microtype)             in font `TU/TeXGyrePagella(0)/b/n/10'.
(microtype)             Ignoring protrusion settings for this character.
Package microtype Info: Character `⁶' is missing
(microtype)             in font `TU/TeXGyrePagella(0)/b/n/10'.
(microtype)             Ignoring protrusion settings for this character.
Package microtype Info: Character `⁷' is missing
(microtype)             in font `TU/TeXGyrePagella(0)/b/n/10'.
(microtype)             Ignoring protrusion settings for this character.
Package microtype Info: Character `⁸' is missing
(microtype)             in font `TU/TeXGyrePagella(0)/b/n/10'.
(microtype)             Ignoring protrusion settings for this character.
Package microtype Info: Character `⁹' is missing
(microtype)             in font `TU/TeXGyrePagella(0)/b/n/10'.
(microtype)             Ignoring protrusion settings for this character.
Package microtype Info: Character `₀' is missing
(microtype)             in font `TU/TeXGyrePagella(0)/b/n/10'.
(microtype)             Ignoring protrusion settings for this character.
Package microtype Info: Character `₁' is missing
(microtype)             in font `TU/TeXGyrePagella(0)/b/n/10'.
(microtype)             Ignoring protrusion settings for this character.
Package microtype Info: Character `₂' is missing
(microtype)             in font `TU/TeXGyrePagella(0)/b/n/10'.
(microtype)             Ignoring protrusion settings for this character.
Package microtype Info: Character `₃' is missing
(microtype)             in font `TU/TeXGyrePagella(0)/b/n/10'.
(microtype)             Ignoring protrusion settings for this character.
Package microtype Info: Character `₄' is missing
(microtype)             in font `TU/TeXGyrePagella(0)/b/n/10'.
(microtype)             Ignoring protrusion settings for this character.
Package microtype Info: Character `₅' is missing
(microtype)             in font `TU/TeXGyrePagella(0)/b/n/10'.
(microtype)             Ignoring protrusion settings for this character.
Package microtype Info: Character `₆' is missing
(microtype)             in font `TU/TeXGyrePagella(0)/b/n/10'.
(microtype)             Ignoring protrusion settings for this character.
Package microtype Info: Character `₇' is missing
(microtype)             in font `TU/TeXGyrePagella(0)/b/n/10'.
(microtype)             Ignoring protrusion settings for this character.
Package microtype Info: Character `₈' is missing
(microtype)             in font `TU/TeXGyrePagella(0)/b/n/10'.
(microtype)             Ignoring protrusion settings for this character.
Package microtype Info: Character `₉' is missing
(microtype)             in font `TU/TeXGyrePagella(0)/b/n/10'.
(microtype)             Ignoring protrusion settings for this character.
Package microtype Info: Character `₊' is missing
(microtype)             in font `TU/TeXGyrePagella(0)/b/n/10'.
(microtype)             Ignoring protrusion settings for this character.
Package microtype Info: Character `₋' is missing
(microtype)             in font `TU/TeXGyrePagella(0)/b/n/10'.
(microtype)             Ignoring protrusion settings for this character.
Package microtype Info: Character `⁺' is missing
(microtype)             in font `TU/TeXGyrePagella(0)/b/n/10'.
(microtype)             Ignoring protrusion settings for this character.
Package microtype Info: Character `⁻' is missing
(microtype)             in font `TU/TeXGyrePagella(0)/b/n/10'.
(microtype)             Ignoring protrusion settings for this character.
 [1

{/var/lib/texmf/fonts/map/pdftex/updmap/pdftex.map}]
Package microtype Info: Character `ﬆ' is missing
(microtype)             in font `TU/TeXGyrePagella(0)/m/n/14.4'.
(microtype)             Ignoring protrusion settings for this character.
Package microtype Info: Character `ﬅ' is missing
(microtype)             in font `TU/TeXGyrePagella(0)/m/n/14.4'.
(microtype)             Ignoring protrusion settings for this character.
Package microtype Info: Character `‥' is missing
(microtype)             in font `TU/TeXGyrePagella(0)/m/n/14.4'.
(microtype)             Ignoring protrusion settings for this character.
Package microtype Info: Character `‼' is missing
(microtype)             in font `TU/TeXGyrePagella(0)/m/n/14.4'.
(microtype)             Ignoring protrusion settings for this character.
Package microtype Info: Character `⁰' is missing
(microtype)             in font `TU/TeXGyrePagella(0)/m/n/14.4'.
(microtype)             Ignoring protrusion settings for this character.
Package microtype Info: Character `⁴' is missing
(microtype)             in font `TU/TeXGyrePagella(0)/m/n/14.4'.
(microtype)             Ignoring protrusion settings for this character.
Package microtype Info: Character `⁵' is missing
(microtype)             in font `TU/TeXGyrePagella(0)/m/n/14.4'.
(microtype)             Ignoring protrusion settings for this character.
Package microtype Info: Character `⁶' is missing
(microtype)             in font `TU/TeXGyrePagella(0)/m/n/14.4'.
(microtype)             Ignoring protrusion settings for this character.
Package microtype Info: Character `⁷' is missing
(microtype)             in font `TU/TeXGyrePagella(0)/m/n/14.4'.
(microtype)             Ignoring protrusion settings for this character.
Package microtype Info: Character `⁸' is missing
(microtype)             in font `TU/TeXGyrePagella(0)/m/n/14.4'.
(microtype)             Ignoring protrusion settings for this character.
Package microtype Info: Character `⁹' is missing
(microtype)             in font `TU/TeXGyrePagella(0)/m/n/14.4'.
(microtype)             Ignoring protrusion settings for this character.
Package microtype Info: Character `₀' is missing
(microtype)             in font `TU/TeXGyrePagella(0)/m/n/14.4'.
(microtype)             Ignoring protrusion settings for this character.
Package microtype Info: Character `₁' is missing
(microtype)             in font `TU/TeXGyrePagella(0)/m/n/14.4'.
(microtype)             Ignoring protrusion settings for this character.
Package microtype Info: Character `₂' is missing
(microtype)             in font `TU/TeXGyrePagella(0)/m/n/14.4'.
(microtype)             Ignoring protrusion settings for this character.
Package microtype Info: Character `₃' is missing
(microtype)             in font `TU/TeXGyrePagella(0)/m/n/14.4'.
(microtype)             Ignoring protrusion settings for this character.
Package microtype Info: Character `₄' is missing
(microtype)             in font `TU/TeXGyrePagella(0)/m/n/14.4'.
(microtype)             Ignoring protrusion settings for this character.
Package microtype Info: Character `₅' is missing
(microtype)             in font `TU/TeXGyrePagella(0)/m/n/14.4'.
(microtype)             Ignoring protrusion settings for this character.
Package microtype Info: Character `₆' is missing
(microtype)             in font `TU/TeXGyrePagella(0)/m/n/14.4'.
(microtype)             Ignoring protrusion settings for this character.
Package microtype Info: Character `₇' is missing
(microtype)             in font `TU/TeXGyrePagella(0)/m/n/14.4'.
(microtype)             Ignoring protrusion settings for this character.
Package microtype Info: Character `₈' is missing
(microtype)             in font `TU/TeXGyrePagella(0)/m/n/14.4'.
(microtype)             Ignoring protrusion settings for this character.
Package microtype Info: Character `₉' is missing
(microtype)             in font `TU/TeXGyrePagella(0)/m/n/14.4'.
(microtype)             Ignoring protrusion settings for this character.
Package microtype Info: Character `₊' is missing
(microtype)             in font `TU/TeXGyrePagella(0)/m/n/14.4'.
(microtype)             Ignoring protrusion settings for this character.
Package microtype Info: Character `₋' is missing
(microtype)             in font `TU/TeXGyrePagella(0)/m/n/14.4'.
(microtype)             Ignoring protrusion settings for this character.
Package microtype Info: Character `⁺' is missing
(microtype)             in font `TU/TeXGyrePagella(0)/m/n/14.4'.
(microtype)             Ignoring protrusion settings for this character.
Package microtype Info: Character `⁻' is missing
(microtype)             in font `TU/TeXGyrePagella(0)/m/n/14.4'.
(microtype)             Ignoring protrusion settings for this character.
Package microtype Info: Character `ﬆ' is missing
(microtype)             in font `TU/TeXGyrePagella(0)/b/n/14.4'.
(microtype)             Ignoring protrusion settings for this character.
Package microtype Info: Character `ﬅ' is missing
(microtype)             in font `TU/TeXGyrePagella(0)/b/n/14.4'.
(microtype)             Ignoring protrusion settings for this character.
Package microtype Info: Character `‥' is missing
(microtype)             in font `TU/TeXGyrePagella(0)/b/n/14.4'.
(microtype)             Ignoring protrusion settings for this character.
Package microtype Info: Character `‼' is missing
(microtype)             in font `TU/TeXGyrePagella(0)/b/n/14.4'.
(microtype)             Ignoring protrusion settings for this character.
Package microtype Info: Character `⁰' is missing
(microtype)             in font `TU/TeXGyrePagella(0)/b/n/14.4'.
(microtype)             Ignoring protrusion settings for this character.
Package microtype Info: Character `⁴' is missing
(microtype)             in font `TU/TeXGyrePagella(0)/b/n/14.4'.
(microtype)             Ignoring protrusion settings for this character.
Package microtype Info: Character `⁵' is missing
(microtype)             in font `TU/TeXGyrePagella(0)/b/n/14.4'.
(microtype)             Ignoring protrusion settings for this character.
Package microtype Info: Character `⁶' is missing
(microtype)             in font `TU/TeXGyrePagella(0)/b/n/14.4'.
(microtype)             Ignoring protrusion settings for this character.
Package microtype Info: Character `⁷' is missing
(microtype)             in font `TU/TeXGyrePagella(0)/b/n/14.4'.
(microtype)             Ignoring protrusion settings for this character.
Package microtype Info: Character `⁸' is missing
(microtype)             in font `TU/TeXGyrePagella(0)/b/n/14.4'.
(microtype)             Ignoring protrusion settings for this character.
Package microtype Info: Character `⁹' is missing
(microtype)             in font `TU/TeXGyrePagella(0)/b/n/14.4'.
(microtype)             Ignoring protrusion settings for this character.
Package microtype Info: Character `₀' is missing
(microtype)             in font `TU/TeXGyrePagella(0)/b/n/14.4'.
(microtype)             Ignoring protrusion settings for this character.
Package microtype Info: Character `₁' is missing
(microtype)             in font `TU/TeXGyrePagella(0)/b/n/14.4'.
(microtype)             Ignoring protrusion settings for this character.
Package microtype Info: Character `₂' is missing
(microtype)             in font `TU/TeXGyrePagella(0)/b/n/14.4'.
(microtype)             Ignoring protrusion settings for this character.
Package microtype Info: Character `₃' is missing
(microtype)             in font `TU/TeXGyrePagella(0)/b/n/14.4'.
(microtype)             Ignoring protrusion settings for this character.
Package microtype Info: Character `₄' is missing
(microtype)             in font `TU/TeXGyrePagella(0)/b/n/14.4'.
(microtype)             Ignoring protrusion settings for this character.
Package microtype Info: Character `₅' is missing
(microtype)             in font `TU/TeXGyrePagella(0)/b/n/14.4'.
(microtype)             Ignoring protrusion settings for this character.
Package microtype Info: Character `₆' is missing
(microtype)             in font `TU/TeXGyrePagella(0)/b/n/14.4'.
(microtype)             Ignoring protrusion settings for this character.
Package microtype Info: Character `₇' is missing
(microtype)             in font `TU/TeXGyrePagella(0)/b/n/14.4'.
(microtype)             Ignoring protrusion settings for this character.
Package microtype Info: Character `₈' is missing
(microtype)             in font `TU/TeXGyrePagella(0)/b/n/14.4'.
(microtype)             Ignoring protrusion settings for this character.
Package microtype Info: Character `₉' is missing
(microtype)             in font `TU/TeXGyrePagella(0)/b/n/14.4'.
(microtype)             Ignoring protrusion settings for this character.
Package microtype Info: Character `₊' is missing
(microtype)             in font `TU/TeXGyrePagella(0)/b/n/14.4'.
(microtype)             Ignoring protrusion settings for this character.
Package microtype Info: Character `₋' is missing
(microtype)             in font `TU/TeXGyrePagella(0)/b/n/14.4'.
(microtype)             Ignoring protrusion settings for this character.
Package microtype Info: Character `⁺' is missing
(microtype)             in font `TU/TeXGyrePagella(0)/b/n/14.4'.
(microtype)             Ignoring protrusion settings for this character.
Package microtype Info: Character `⁻' is missing
(microtype)             in font `TU/TeXGyrePagella(0)/b/n/14.4'.
(microtype)             Ignoring protrusion settings for this character.
 (./economics-of-irreversibility.toc
Package microtype Info: Character `ﬆ' is missing
(microtype)             in font `TU/TeXGyrePagella(0)/b/n/10.95'.
(microtype)             Ignoring protrusion settings for this character.
Package microtype Info: Character `ﬅ' is missing
(microtype)             in font `TU/TeXGyrePagella(0)/b/n/10.95'.
(microtype)             Ignoring protrusion settings for this character.
Package microtype Info: Character `‥' is missing
(microtype)             in font `TU/TeXGyrePagella(0)/b/n/10.95'.
(microtype)             Ignoring protrusion settings for this character.
Package microtype Info: Character `‼' is missing
(microtype)             in font `TU/TeXGyrePagella(0)/b/n/10.95'.
(microtype)             Ignoring protrusion settings for this character.
Package microtype Info: Character `⁰' is missing
(microtype)             in font `TU/TeXGyrePagella(0)/b/n/10.95'.
(microtype)             Ignoring protrusion settings for this character.
Package microtype Info: Character `⁴' is missing
(microtype)             in font `TU/TeXGyrePagella(0)/b/n/10.95'.
(microtype)             Ignoring protrusion settings for this character.
Package microtype Info: Character `⁵' is missing
(microtype)             in font `TU/TeXGyrePagella(0)/b/n/10.95'.
(microtype)             Ignoring protrusion settings for this character.
Package microtype Info: Character `⁶' is missing
(microtype)             in font `TU/TeXGyrePagella(0)/b/n/10.95'.
(microtype)             Ignoring protrusion settings for this character.
Package microtype Info: Character `⁷' is missing
(microtype)             in font `TU/TeXGyrePagella(0)/b/n/10.95'.
(microtype)             Ignoring protrusion settings for this character.
Package microtype Info: Character `⁸' is missing
(microtype)             in font `TU/TeXGyrePagella(0)/b/n/10.95'.
(microtype)             Ignoring protrusion settings for this character.
Package microtype Info: Character `⁹' is missing
(microtype)             in font `TU/TeXGyrePagella(0)/b/n/10.95'.
(microtype)             Ignoring protrusion settings for this character.
Package microtype Info: Character `₀' is missing
(microtype)             in font `TU/TeXGyrePagella(0)/b/n/10.95'.
(microtype)             Ignoring protrusion settings for this character.
Package microtype Info: Character `₁' is missing
(microtype)             in font `TU/TeXGyrePagella(0)/b/n/10.95'.
(microtype)             Ignoring protrusion settings for this character.
Package microtype Info: Character `₂' is missing
(microtype)             in font `TU/TeXGyrePagella(0)/b/n/10.95'.
(microtype)             Ignoring protrusion settings for this character.
Package microtype Info: Character `₃' is missing
(microtype)             in font `TU/TeXGyrePagella(0)/b/n/10.95'.
(microtype)             Ignoring protrusion settings for this character.
Package microtype Info: Character `₄' is missing
(microtype)             in font `TU/TeXGyrePagella(0)/b/n/10.95'.
(microtype)             Ignoring protrusion settings for this character.
Package microtype Info: Character `₅' is missing
(microtype)             in font `TU/TeXGyrePagella(0)/b/n/10.95'.
(microtype)             Ignoring protrusion settings for this character.
Package microtype Info: Character `₆' is missing
(microtype)             in font `TU/TeXGyrePagella(0)/b/n/10.95'.
(microtype)             Ignoring protrusion settings for this character.
Package microtype Info: Character `₇' is missing
(microtype)             in font `TU/TeXGyrePagella(0)/b/n/10.95'.
(microtype)             Ignoring protrusion settings for this character.
Package microtype Info: Character `₈' is missing
(microtype)             in font `TU/TeXGyrePagella(0)/b/n/10.95'.
(microtype)             Ignoring protrusion settings for this character.
Package microtype Info: Character `₉' is missing
(microtype)             in font `TU/TeXGyrePagella(0)/b/n/10.95'.
(microtype)             Ignoring protrusion settings for this character.
Package microtype Info: Character `₊' is missing
(microtype)             in font `TU/TeXGyrePagella(0)/b/n/10.95'.
(microtype)             Ignoring protrusion settings for this character.
Package microtype Info: Character `₋' is missing
(microtype)             in font `TU/TeXGyrePagella(0)/b/n/10.95'.
(microtype)             Ignoring protrusion settings for this character.
Package microtype Info: Character `⁺' is missing
(microtype)             in font `TU/TeXGyrePagella(0)/b/n/10.95'.
(microtype)             Ignoring protrusion settings for this character.
Package microtype Info: Character `⁻' is missing
(microtype)             in font `TU/TeXGyrePagella(0)/b/n/10.95'.
(microtype)             Ignoring protrusion settings for this character.
)
\tf@toc=\write4

\openout4 = economics-of-irreversibility.toc
Package microtype Info: Character `ﬆ' is missing
(microtype)             in font `TU/TeXGyrePagella(0)/m/n/9'.
(microtype)             Ignoring protrusion settings for this character.
Package microtype Info: Character `ﬅ' is missing
(microtype)             in font `TU/TeXGyrePagella(0)/m/n/9'.
(microtype)             Ignoring protrusion settings for this character.
Package microtype Info: Character `‥' is missing
(microtype)             in font `TU/TeXGyrePagella(0)/m/n/9'.
(microtype)             Ignoring protrusion settings for this character.
Package microtype Info: Character `‼' is missing
(microtype)             in font `TU/TeXGyrePagella(0)/m/n/9'.
(microtype)             Ignoring protrusion settings for this character.
Package microtype Info: Character `⁰' is missing
(microtype)             in font `TU/TeXGyrePagella(0)/m/n/9'.
(microtype)             Ignoring protrusion settings for this character.
Package microtype Info: Character `⁴' is missing
(microtype)             in font `TU/TeXGyrePagella(0)/m/n/9'.
(microtype)             Ignoring protrusion settings for this character.
Package microtype Info: Character `⁵' is missing
(microtype)             in font `TU/TeXGyrePagella(0)/m/n/9'.
(microtype)             Ignoring protrusion settings for this character.
Package microtype Info: Character `⁶' is missing
(microtype)             in font `TU/TeXGyrePagella(0)/m/n/9'.
(microtype)             Ignoring protrusion settings for this character.
Package microtype Info: Character `⁷' is missing
(microtype)             in font `TU/TeXGyrePagella(0)/m/n/9'.
(microtype)             Ignoring protrusion settings for this character.
Package microtype Info: Character `⁸' is missing
(microtype)             in font `TU/TeXGyrePagella(0)/m/n/9'.
(microtype)             Ignoring protrusion settings for this character.
Package microtype Info: Character `⁹' is missing
(microtype)             in font `TU/TeXGyrePagella(0)/m/n/9'.
(microtype)             Ignoring protrusion settings for this character.
Package microtype Info: Character `₀' is missing
(microtype)             in font `TU/TeXGyrePagella(0)/m/n/9'.
(microtype)             Ignoring protrusion settings for this character.
Package microtype Info: Character `₁' is missing
(microtype)             in font `TU/TeXGyrePagella(0)/m/n/9'.
(microtype)             Ignoring protrusion settings for this character.
Package microtype Info: Character `₂' is missing
(microtype)             in font `TU/TeXGyrePagella(0)/m/n/9'.
(microtype)             Ignoring protrusion settings for this character.
Package microtype Info: Character `₃' is missing
(microtype)             in font `TU/TeXGyrePagella(0)/m/n/9'.
(microtype)             Ignoring protrusion settings for this character.
Package microtype Info: Character `₄' is missing
(microtype)             in font `TU/TeXGyrePagella(0)/m/n/9'.
(microtype)             Ignoring protrusion settings for this character.
Package microtype Info: Character `₅' is missing
(microtype)             in font `TU/TeXGyrePagella(0)/m/n/9'.
(microtype)             Ignoring protrusion settings for this character.
Package microtype Info: Character `₆' is missing
(microtype)             in font `TU/TeXGyrePagella(0)/m/n/9'.
(microtype)             Ignoring protrusion settings for this character.
Package microtype Info: Character `₇' is missing
(microtype)             in font `TU/TeXGyrePagella(0)/m/n/9'.
(microtype)             Ignoring protrusion settings for this character.
Package microtype Info: Character `₈' is missing
(microtype)             in font `TU/TeXGyrePagella(0)/m/n/9'.
(microtype)             Ignoring protrusion settings for this character.
Package microtype Info: Character `₉' is missing
(microtype)             in font `TU/TeXGyrePagella(0)/m/n/9'.
(microtype)             Ignoring protrusion settings for this character.
Package microtype Info: Character `₊' is missing
(microtype)             in font `TU/TeXGyrePagella(0)/m/n/9'.
(microtype)             Ignoring protrusion settings for this character.
Package microtype Info: Character `₋' is missing
(microtype)             in font `TU/TeXGyrePagella(0)/m/n/9'.
(microtype)             Ignoring protrusion settings for this character.
Package microtype Info: Character `⁺' is missing
(microtype)             in font `TU/TeXGyrePagella(0)/m/n/9'.
(microtype)             Ignoring protrusion settings for this character.
Package microtype Info: Character `⁻' is missing
(microtype)             in font `TU/TeXGyrePagella(0)/m/n/9'.
(microtype)             Ignoring protrusion settings for this character.
Package microtype Info: Character `ﬆ' is missing
(microtype)             in font `TU/TeXGyrePagella(0)/m/n/5'.
(microtype)             Ignoring protrusion settings for this character.
Package microtype Info: Character `ﬅ' is missing
(microtype)             in font `TU/TeXGyrePagella(0)/m/n/5'.
(microtype)             Ignoring protrusion settings for this character.
Package microtype Info: Character `‥' is missing
(microtype)             in font `TU/TeXGyrePagella(0)/m/n/5'.
(microtype)             Ignoring protrusion settings for this character.
Package microtype Info: Character `‼' is missing
(microtype)             in font `TU/TeXGyrePagella(0)/m/n/5'.
(microtype)             Ignoring protrusion settings for this character.
Package microtype Info: Character `⁰' is missing
(microtype)             in font `TU/TeXGyrePagella(0)/m/n/5'.
(microtype)             Ignoring protrusion settings for this character.
Package microtype Info: Character `⁴' is missing
(microtype)             in font `TU/TeXGyrePagella(0)/m/n/5'.
(microtype)             Ignoring protrusion settings for this character.
Package microtype Info: Character `⁵' is missing
(microtype)             in font `TU/TeXGyrePagella(0)/m/n/5'.
(microtype)             Ignoring protrusion settings for this character.
Package microtype Info: Character `⁶' is missing
(microtype)             in font `TU/TeXGyrePagella(0)/m/n/5'.
(microtype)             Ignoring protrusion settings for this character.
Package microtype Info: Character `⁷' is missing
(microtype)             in font `TU/TeXGyrePagella(0)/m/n/5'.
(microtype)             Ignoring protrusion settings for this character.
Package microtype Info: Character `⁸' is missing
(microtype)             in font `TU/TeXGyrePagella(0)/m/n/5'.
(microtype)             Ignoring protrusion settings for this character.
Package microtype Info: Character `⁹' is missing
(microtype)             in font `TU/TeXGyrePagella(0)/m/n/5'.
(microtype)             Ignoring protrusion settings for this character.
Package microtype Info: Character `₀' is missing
(microtype)             in font `TU/TeXGyrePagella(0)/m/n/5'.
(microtype)             Ignoring protrusion settings for this character.
Package microtype Info: Character `₁' is missing
(microtype)             in font `TU/TeXGyrePagella(0)/m/n/5'.
(microtype)             Ignoring protrusion settings for this character.
Package microtype Info: Character `₂' is missing
(microtype)             in font `TU/TeXGyrePagella(0)/m/n/5'.
(microtype)             Ignoring protrusion settings for this character.
Package microtype Info: Character `₃' is missing
(microtype)             in font `TU/TeXGyrePagella(0)/m/n/5'.
(microtype)             Ignoring protrusion settings for this character.
Package microtype Info: Character `₄' is missing
(microtype)             in font `TU/TeXGyrePagella(0)/m/n/5'.
(microtype)             Ignoring protrusion settings for this character.
Package microtype Info: Character `₅' is missing
(microtype)             in font `TU/TeXGyrePagella(0)/m/n/5'.
(microtype)             Ignoring protrusion settings for this character.
Package microtype Info: Character `₆' is missing
(microtype)             in font `TU/TeXGyrePagella(0)/m/n/5'.
(microtype)             Ignoring protrusion settings for this character.
Package microtype Info: Character `₇' is missing
(microtype)             in font `TU/TeXGyrePagella(0)/m/n/5'.
(microtype)             Ignoring protrusion settings for this character.
Package microtype Info: Character `₈' is missing
(microtype)             in font `TU/TeXGyrePagella(0)/m/n/5'.
(microtype)             Ignoring protrusion settings for this character.
Package microtype Info: Character `₉' is missing
(microtype)             in font `TU/TeXGyrePagella(0)/m/n/5'.
(microtype)             Ignoring protrusion settings for this character.
Package microtype Info: Character `₊' is missing
(microtype)             in font `TU/TeXGyrePagella(0)/m/n/5'.
(microtype)             Ignoring protrusion settings for this character.
Package microtype Info: Character `₋' is missing
(microtype)             in font `TU/TeXGyrePagella(0)/m/n/5'.
(microtype)             Ignoring protrusion settings for this character.
Package microtype Info: Character `⁺' is missing
(microtype)             in font `TU/TeXGyrePagella(0)/m/n/5'.
(microtype)             Ignoring protrusion settings for this character.
Package microtype Info: Character `⁻' is missing
(microtype)             in font `TU/TeXGyrePagella(0)/m/n/5'.
(microtype)             Ignoring protrusion settings for this character.

[2]
LaTeX Font Info:    Trying to load font information for U+euf on input line 71.

 (/usr/share/texlive/texmf-dist/tex/latex/amsfonts/ueuf.fd
File: ueuf.fd 2013/01/14 v3.01 Euler Fraktur
)
(/usr/share/texlive/texmf-dist/tex/latex/microtype/mt-euf.cfg
File: mt-euf.cfg 2006/07/03 v1.1 microtype config. file: AMS Euler Fraktur (RS)

) [3]
Package microtype Info: Character `ﬆ' is missing
(microtype)             in font `TU/TeXGyrePagella(0)/b/n/12'.
(microtype)             Ignoring protrusion settings for this character.
Package microtype Info: Character `ﬅ' is missing
(microtype)             in font `TU/TeXGyrePagella(0)/b/n/12'.
(microtype)             Ignoring protrusion settings for this character.
Package microtype Info: Character `‥' is missing
(microtype)             in font `TU/TeXGyrePagella(0)/b/n/12'.
(microtype)             Ignoring protrusion settings for this character.
Package microtype Info: Character `‼' is missing
(microtype)             in font `TU/TeXGyrePagella(0)/b/n/12'.
(microtype)             Ignoring protrusion settings for this character.
Package microtype Info: Character `⁰' is missing
(microtype)             in font `TU/TeXGyrePagella(0)/b/n/12'.
(microtype)             Ignoring protrusion settings for this character.
Package microtype Info: Character `⁴' is missing
(microtype)             in font `TU/TeXGyrePagella(0)/b/n/12'.
(microtype)             Ignoring protrusion settings for this character.
Package microtype Info: Character `⁵' is missing
(microtype)             in font `TU/TeXGyrePagella(0)/b/n/12'.
(microtype)             Ignoring protrusion settings for this character.
Package microtype Info: Character `⁶' is missing
(microtype)             in font `TU/TeXGyrePagella(0)/b/n/12'.
(microtype)             Ignoring protrusion settings for this character.
Package microtype Info: Character `⁷' is missing
(microtype)             in font `TU/TeXGyrePagella(0)/b/n/12'.
(microtype)             Ignoring protrusion settings for this character.
Package microtype Info: Character `⁸' is missing
(microtype)             in font `TU/TeXGyrePagella(0)/b/n/12'.
(microtype)             Ignoring protrusion settings for this character.
Package microtype Info: Character `⁹' is missing
(microtype)             in font `TU/TeXGyrePagella(0)/b/n/12'.
(microtype)             Ignoring protrusion settings for this character.
Package microtype Info: Character `₀' is missing
(microtype)             in font `TU/TeXGyrePagella(0)/b/n/12'.
(microtype)             Ignoring protrusion settings for this character.
Package microtype Info: Character `₁' is missing
(microtype)             in font `TU/TeXGyrePagella(0)/b/n/12'.
(microtype)             Ignoring protrusion settings for this character.
Package microtype Info: Character `₂' is missing
(microtype)             in font `TU/TeXGyrePagella(0)/b/n/12'.
(microtype)             Ignoring protrusion settings for this character.
Package microtype Info: Character `₃' is missing
(microtype)             in font `TU/TeXGyrePagella(0)/b/n/12'.
(microtype)             Ignoring protrusion settings for this character.
Package microtype Info: Character `₄' is missing
(microtype)             in font `TU/TeXGyrePagella(0)/b/n/12'.
(microtype)             Ignoring protrusion settings for this character.
Package microtype Info: Character `₅' is missing
(microtype)             in font `TU/TeXGyrePagella(0)/b/n/12'.
(microtype)             Ignoring protrusion settings for this character.
Package microtype Info: Character `₆' is missing
(microtype)             in font `TU/TeXGyrePagella(0)/b/n/12'.
(microtype)             Ignoring protrusion settings for this character.
Package microtype Info: Character `₇' is missing
(microtype)             in font `TU/TeXGyrePagella(0)/b/n/12'.
(microtype)             Ignoring protrusion settings for this character.
Package microtype Info: Character `₈' is missing
(microtype)             in font `TU/TeXGyrePagella(0)/b/n/12'.
(microtype)             Ignoring protrusion settings for this character.
Package microtype Info: Character `₉' is missing
(microtype)             in font `TU/TeXGyrePagella(0)/b/n/12'.
(microtype)             Ignoring protrusion settings for this character.
Package microtype Info: Character `₊' is missing
(microtype)             in font `TU/TeXGyrePagella(0)/b/n/12'.
(microtype)             Ignoring protrusion settings for this character.
Package microtype Info: Character `₋' is missing
(microtype)             in font `TU/TeXGyrePagella(0)/b/n/12'.
(microtype)             Ignoring protrusion settings for this character.
Package microtype Info: Character `⁺' is missing
(microtype)             in font `TU/TeXGyrePagella(0)/b/n/12'.
(microtype)             Ignoring protrusion settings for this character.
Package microtype Info: Character `⁻' is missing
(microtype)             in font `TU/TeXGyrePagella(0)/b/n/12'.
(microtype)             Ignoring protrusion settings for this character.
 [4] [5]
Package microtype Info: Character `‥' is missing
(microtype)             in font `TU/TeXGyrePagella(0)/m/it/10.95'.
(microtype)             Ignoring protrusion settings for this character.
Package microtype Info: Character `⁰' is missing
(microtype)             in font `TU/TeXGyrePagella(0)/m/it/10.95'.
(microtype)             Ignoring protrusion settings for this character.
Package microtype Info: Character `⁴' is missing
(microtype)             in font `TU/TeXGyrePagella(0)/m/it/10.95'.
(microtype)             Ignoring protrusion settings for this character.
Package microtype Info: Character `⁵' is missing
(microtype)             in font `TU/TeXGyrePagella(0)/m/it/10.95'.
(microtype)             Ignoring protrusion settings for this character.
Package microtype Info: Character `⁶' is missing
(microtype)             in font `TU/TeXGyrePagella(0)/m/it/10.95'.
(microtype)             Ignoring protrusion settings for this character.
Package microtype Info: Character `⁷' is missing
(microtype)             in font `TU/TeXGyrePagella(0)/m/it/10.95'.
(microtype)             Ignoring protrusion settings for this character.
Package microtype Info: Character `⁸' is missing
(microtype)             in font `TU/TeXGyrePagella(0)/m/it/10.95'.
(microtype)             Ignoring protrusion settings for this character.
Package microtype Info: Character `⁹' is missing
(microtype)             in font `TU/TeXGyrePagella(0)/m/it/10.95'.
(microtype)             Ignoring protrusion settings for this character.
Package microtype Info: Character `₀' is missing
(microtype)             in font `TU/TeXGyrePagella(0)/m/it/10.95'.
(microtype)             Ignoring protrusion settings for this character.
Package microtype Info: Character `₁' is missing
(microtype)             in font `TU/TeXGyrePagella(0)/m/it/10.95'.
(microtype)             Ignoring protrusion settings for this character.
Package microtype Info: Character `₂' is missing
(microtype)             in font `TU/TeXGyrePagella(0)/m/it/10.95'.
(microtype)             Ignoring protrusion settings for this character.
Package microtype Info: Character `₃' is missing
(microtype)             in font `TU/TeXGyrePagella(0)/m/it/10.95'.
(microtype)             Ignoring protrusion settings for this character.
Package microtype Info: Character `₄' is missing
(microtype)             in font `TU/TeXGyrePagella(0)/m/it/10.95'.
(microtype)             Ignoring protrusion settings for this character.
Package microtype Info: Character `₅' is missing
(microtype)             in font `TU/TeXGyrePagella(0)/m/it/10.95'.
(microtype)             Ignoring protrusion settings for this character.
Package microtype Info: Character `₆' is missing
(microtype)             in font `TU/TeXGyrePagella(0)/m/it/10.95'.
(microtype)             Ignoring protrusion settings for this character.
Package microtype Info: Character `₇' is missing
(microtype)             in font `TU/TeXGyrePagella(0)/m/it/10.95'.
(microtype)             Ignoring protrusion settings for this character.
Package microtype Info: Character `₈' is missing
(microtype)             in font `TU/TeXGyrePagella(0)/m/it/10.95'.
(microtype)             Ignoring protrusion settings for this character.
Package microtype Info: Character `₉' is missing
(microtype)             in font `TU/TeXGyrePagella(0)/m/it/10.95'.
(microtype)             Ignoring protrusion settings for this character.
Package microtype Info: Character `₊' is missing
(microtype)             in font `TU/TeXGyrePagella(0)/m/it/10.95'.
(microtype)             Ignoring protrusion settings for this character.
Package microtype Info: Character `₋' is missing
(microtype)             in font `TU/TeXGyrePagella(0)/m/it/10.95'.
(microtype)             Ignoring protrusion settings for this character.
Package microtype Info: Character `⁺' is missing
(microtype)             in font `TU/TeXGyrePagella(0)/m/it/10.95'.
(microtype)             Ignoring protrusion settings for this character.
Package microtype Info: Character `⁻' is missing
(microtype)             in font `TU/TeXGyrePagella(0)/m/it/10.95'.
(microtype)             Ignoring protrusion settings for this character.

[6] [7] [8] [9] [10] (./economics-of-irreversibility.aux)
 ***********
LaTeX2e <2023-11-01> patch level 1
L3 programming layer <2024-01-22>
 ***********


LaTeX Warning: Label(s) may have changed. Rerun to get cross-references right.

Package rerunfilecheck Info: File `economics-of-irreversibility.out' has not ch
anged.
(rerunfilecheck)             Checksum: 16CE2393D08A2CACD537713D0EEBE664;3125.
)

Here is how much of LuaTeX's memory you used:
 17152 strings out of 476553
 125236,1977958 words of node,token memory allocated
 638 words of node memory still in use:
   7 hlist, 2 vlist, 2 rule, 1 local_par, 5 glue, 4 kern, 1 penalty, 1 margin_ke
rn, 4 glyph, 25 attribute, 58 glue_spec, 14 attribute_list, 1 write, 1 pdf_actio
n nodes
   avail lists: 2:532,3:193,4:143,5:1047,6:53,7:10366,8:48,9:276,10:30,11:946
 38810 multiletter control sequences out of 65536+600000
 80 fonts using 9463815 bytes
 79i,11n,89p,2282b,417s stack positions out of 10000i,1000n,20000p,200000b,200000s
</usr/share/texmf/fonts/opentype/public/tex-gyre/texgyrepagella-italic.otf></usr
/share/texmf/fonts/opentype/public/tex-gyre/texgyrepagella-regular.otf></usr/sha
re/texmf/fonts/opentype/public/tex-gyre/texgyrepagella-bold.otf></usr/share/texl
ive/texmf-dist/fonts/type1/public/amsfonts/cm/cmex10.pfb></usr/share/texlive/tex
mf-dist/fonts/type1/public/amsfonts/cm/cmmi10.pfb></usr/share/texlive/texmf-dist
/fonts/type1/public/amsfonts/cm/cmmi6.pfb></usr/share/texlive/texmf-dist/fonts/t
ype1/public/amsfonts/cm/cmmi8.pfb></usr/share/texlive/texmf-dist/fonts/type1/pub
lic/amsfonts/cm/cmr10.pfb></usr/share/texlive/texmf-dist/fonts/type1/public/amsf
onts/cm/cmr6.pfb></usr/share/texlive/texmf-dist/fonts/type1/public/amsfonts/cm/c
mr8.pfb></usr/share/texlive/texmf-dist/fonts/type1/public/amsfonts/cm/cmsy10.pfb
></usr/share/texlive/texmf-dist/fonts/type1/public/amsfonts/cm/cmsy8.pfb></usr/s
hare/texlive/texmf-dist/fonts/type1/public/amsfonts/euler/eufm10.pfb></usr/share
/texlive/texmf-dist/fonts/type1/public/amsfonts/symbols/msam10.pfb>
Output written on economics-of-irreversibility.pdf (10 pages, 157116 bytes).

PDF statistics: 243 PDF objects out of 1000 (max. 8388607)
 208 compressed objects within 3 object streams
 35 named destinations out of 1000 (max. 131072)
 97 words of extra memory for PDF output out of 10000 (max. 100000000)

