This is LuaHBTeX, Version 1.17.0 (TeX Live 2023/Debian)  (format=lualatex 2026.5.3)  18 JUL 2026 16:43
 restricted system commands enabled.
**main.tex
(./main.tex
LaTeX2e <2023-11-01> patch level 1
L3 programming layer <2024-01-22>
Lua module: luaotfload 2023-08-31 3.26 Lua based OpenType font support
Lua module: lualibs 2023-07-13 2.76 ConTeXt Lua standard libraries.
Lua module: lualibs-extended 2023-07-13 2.76 ConTeXt Lua libraries -- extended c
ollection.
luaotfload | conf : Root cache directory is "/home/flyxion/.texlive2023/texmf-va
r/luatex-cache/generic/names".
luaotfload | init : Loading fontloader "fontloader-2023-08-19.lua" from kpse-res
olved path "/usr/share/texlive/texmf-dist/tex/luatex/luaotfload/fontloader-2023-
08-19.lua".
Lua-only attribute luaotfload@noligature = 1
luaotfload | init : Context OpenType loader version 3.133
Inserting `luaotfload.node_processor' in `pre_linebreak_filter'.
Inserting `luaotfload.node_processor' in `hpack_filter'.
Inserting `luaotfload.glyph_stream' in `glyph_stream_provider'.
Inserting `luaotfload.define_font' in `define_font'.
Lua-only attribute luaotfload_color_attribute = 2
luaotfload | conf : Root cache directory is "/home/flyxion/.texlive2023/texmf-va
r/luatex-cache/generic/names".
Inserting `luaotfload.harf.strip_prefix' in `find_opentype_file'.
Inserting `luaotfload.harf.strip_prefix' in `find_truetype_file'.
Removing  `luaotfload.glyph_stream' from `glyph_stream_provider'.
Inserting `luaotfload.harf.glyphstream' in `glyph_stream_provider'.
Inserting `luaotfload.harf.finalize_vlist' in `post_linebreak_filter'.
Inserting `luaotfload.harf.finalize_hlist' in `hpack_filter'.
Inserting `luaotfload.cleanup_files' in `wrapup_run'.
Inserting `luaotfload.harf.finalize_unicode' in `finish_pdffile'.
Inserting `luaotfload.glyphinfo' in `glyph_info'.
Lua-only attribute luaotfload.letterspace_done = 3
Inserting `luaotfload.aux.set_sscale_dimens' in `luaotfload.patch_font'.
Inserting `luaotfload.aux.set_font_index' in `luaotfload.patch_font'.
Inserting `luaotfload.aux.patch_cambria_domh' in `luaotfload.patch_font'.
Inserting `luaotfload.aux.fixup_fontdata' in `luaotfload.patch_font_unsafe'.
Inserting `luaotfload.aux.set_capheight' in `luaotfload.patch_font'.
Inserting `luaotfload.aux.set_xheight' in `luaotfload.patch_font'.
Inserting `luaotfload.rewrite_fontname' in `luaotfload.patch_font'.
Inserting `tracingstacklevels' in `input_level_string'. (/usr/share/texlive/tex
mf-dist/tex/latex/base/book.cls
Document Class: book 2023/05/17 v1.4n Standard LaTeX document class
(/usr/share/texlive/texmf-dist/tex/latex/base/bk11.clo
File: bk11.clo 2023/05/17 v1.4n Standard LaTeX file (size option)
luaotfload | db : Font names database loaded from /home/flyxion/.texlive2023/tex
mf-var/luatex-cache/generic/names/luaotfload-names.luc.gz)
\c@part=\count185
\c@chapter=\count186
\c@section=\count187
\c@subsection=\count188
\c@subsubsection=\count189
\c@paragraph=\count190
\c@subparagraph=\count191
\c@figure=\count192
\c@table=\count193
\abovecaptionskip=\skip48
\belowcaptionskip=\skip49
\bibindent=\dimen139
)
(/usr/share/texlive/texmf-dist/tex/latex/fontspec/fontspec.sty
(/usr/share/texlive/texmf-dist/tex/latex/l3packages/xparse/xparse.sty
(/usr/share/texlive/texmf-dist/tex/latex/l3kernel/expl3.sty
Package: expl3 2024-01-22 L3 programming layer (loader) 

(/usr/share/texlive/texmf-dist/tex/latex/l3backend/l3backend-luatex.def
File: l3backend-luatex.def 2024-01-04 L3 backend support: PDF output (LuaTeX)
\l__color_backend_stack_int=\count194
Inserting `l3color' in `luaotfload.parse_color'.
\l__pdf_internal_box=\box51
))
Package: xparse 2023-10-10 L3 Experimental document command parser
)
Package: fontspec 2022/01/15 v2.8a Font selection for XeLaTeX and LuaLaTeX
Lua module: fontspec 2022/01/15 2.8a Font selection for XeLaTeX and LuaLaTeX
(/usr/share/texlive/texmf-dist/tex/latex/fontspec/fontspec-luatex.sty
Package: fontspec-luatex 2022/01/15 v2.8a Font selection for XeLaTeX and LuaLaT
eX
\l__fontspec_script_int=\count195
\l__fontspec_language_int=\count196
\l__fontspec_strnum_int=\count197
\l__fontspec_tmp_int=\count198
\l__fontspec_tmpa_int=\count199
\l__fontspec_tmpb_int=\count266
\l__fontspec_tmpc_int=\count267
\l__fontspec_em_int=\count268
\l__fontspec_emdef_int=\count269
\l__fontspec_strong_int=\count270
\l__fontspec_strongdef_int=\count271
\l__fontspec_tmpa_dim=\dimen140
\l__fontspec_tmpb_dim=\dimen141
\l__fontspec_tmpc_dim=\dimen142

(/usr/share/texlive/texmf-dist/tex/latex/base/fontenc.sty
Package: fontenc 2021/04/29 v2.0v Standard LaTeX package
)
(/usr/share/texlive/texmf-dist/tex/latex/fontspec/fontspec.cfg)))
(/usr/share/texlive/texmf-dist/tex/latex/unicode-math/unicode-math.sty
Package: unicode-math 2023/08/13 v0.8r Unicode maths in XeLaTeX and LuaLaTeX

(/usr/share/texlive/texmf-dist/tex/latex/unicode-math/unicode-math-luatex.sty
Package: unicode-math-luatex 2023/08/13 v0.8r Unicode maths in XeLaTeX and LuaL
aTeX

(/usr/share/texlive/texmf-dist/tex/latex/l3packages/l3keys2e/l3keys2e.sty
Package: l3keys2e 2023-10-10 LaTeX2e option processing using LaTeX3 keys
)
(/usr/share/texlive/texmf-dist/tex/latex/base/fix-cm.sty
Package: fix-cm 2020/11/24 v1.1t fixes to LaTeX

(/usr/share/texlive/texmf-dist/tex/latex/base/ts1enc.def
File: ts1enc.def 2001/06/05 v3.0e (jk/car/fm) Standard LaTeX file
LaTeX Font Info:    Redeclaring font encoding TS1 on input line 47.
))
(/usr/share/texlive/texmf-dist/tex/latex/amsmath/amsmath.sty
Package: amsmath 2023/05/13 v2.17o AMS math features
\@mathmargin=\skip50

For additional information on amsmath, use the `?' option.
(/usr/share/texlive/texmf-dist/tex/latex/amsmath/amstext.sty
Package: amstext 2021/08/26 v2.01 AMS text

(/usr/share/texlive/texmf-dist/tex/latex/amsmath/amsgen.sty
File: amsgen.sty 1999/11/30 v2.0 generic functions
\@emptytoks=\toks17
\ex@=\dimen143
))
(/usr/share/texlive/texmf-dist/tex/latex/amsmath/amsbsy.sty
Package: amsbsy 1999/11/29 v1.2d Bold Symbols
\pmbraise@=\dimen144
)
(/usr/share/texlive/texmf-dist/tex/latex/amsmath/amsopn.sty
Package: amsopn 2022/04/08 v2.04 operator names
)
\inf@bad=\count272
LaTeX Info: Redefining \frac on input line 236.
\uproot@=\count273
\leftroot@=\count274
LaTeX Info: Redefining \overline on input line 399.
LaTeX Info: Redefining \colon on input line 410.
\classnum@=\count275
\DOTSCASE@=\count276
LaTeX Info: Redefining \ldots on input line 496.
LaTeX Info: Redefining \dots on input line 499.
LaTeX Info: Redefining \cdots on input line 620.
\Mathstrutbox@=\box52
\strutbox@=\box53
LaTeX Info: Redefining \big on input line 722.
LaTeX Info: Redefining \Big on input line 723.
LaTeX Info: Redefining \bigg on input line 724.
LaTeX Info: Redefining \Bigg on input line 725.
\big@size=\dimen145
LaTeX Font Info:    Redeclaring font encoding OML on input line 743.
LaTeX Font Info:    Redeclaring font encoding OMS on input line 744.
\macc@depth=\count277
LaTeX Info: Redefining \bmod on input line 905.
LaTeX Info: Redefining \pmod on input line 910.
LaTeX Info: Redefining \smash on input line 940.
LaTeX Info: Redefining \relbar on input line 970.
LaTeX Info: Redefining \Relbar on input line 971.
\c@MaxMatrixCols=\count278
\dotsspace@=\muskip16
\c@parentequation=\count279
\dspbrk@lvl=\count280
\tag@help=\toks18
\row@=\count281
\column@=\count282
\maxfields@=\count283
\andhelp@=\toks19
\eqnshift@=\dimen146
\alignsep@=\dimen147
\tagshift@=\dimen148
\tagwidth@=\dimen149
\totwidth@=\dimen150
\lineht@=\dimen151
\@envbody=\toks20
\multlinegap=\skip51
\multlinetaggap=\skip52
\mathdisplay@stack=\toks21
LaTeX Info: Redefining \[ on input line 2953.
LaTeX Info: Redefining \] on input line 2954.
)
(/usr/share/texlive/texmf-dist/tex/lualatex/lualatex-math/lualatex-math.sty
Package: lualatex-math 2022/01/01 v1.12 Patches for mathematics typesetting wit
h LuaLaTeX

(/usr/share/texlive/texmf-dist/tex/latex/etoolbox/etoolbox.sty
Package: etoolbox 2020/10/05 v2.5k e-TeX tools for LaTeX (JAW)
\etb@tempcnta=\count284
)
Lua module: lualatex-math 2013/08/03 1.3 Patches for mathematics typesetting wit
h LuaLaTeX)
\g__um_fam_int=\count285
\g__um_fonts_used_int=\count286
\l__um_primecount_int=\count287
\g__um_primekern_muskip=\muskip17

(/usr/share/texlive/texmf-dist/tex/latex/unicode-math/unicode-math-table.tex)))
luaotfload | cache : Lookup cache loaded from /home/flyxion/.texlive2023/texmf-v
ar/luatex-cache/generic/names/luaotfload-lookup-cache.luc.

Package fontspec Info: Font family 'TeXGyrePagella(0)' created for font 'TeX
(fontspec)             Gyre Pagella' with options [Ligatures=TeX].
(fontspec)              
(fontspec)              This font family consists of the following NFSS
(fontspec)             series/shapes:
(fontspec)              
(fontspec)             - 'normal' (m/n) with NFSS spec.:
(fontspec)             <->"TeXGyrePagella:mode=node;script=latn;language=dflt;+
tlig;"
(fontspec)             - 'small caps'  (m/sc) with NFSS spec.:
(fontspec)             <->"TeXGyrePagella:mode=node;script=latn;language=dflt;+
tlig;+smcp;"
(fontspec)             - 'bold' (b/n) with NFSS spec.:
(fontspec)             <->"TeXGyrePagella/B:mode=node;script=latn;language=dflt
;+tlig;"
(fontspec)             - 'bold small caps'  (b/sc) with NFSS spec.:
(fontspec)             <->"TeXGyrePagella/B:mode=node;script=latn;language=dflt
;+tlig;+smcp;"
(fontspec)             - 'italic' (m/it) with NFSS spec.:
(fontspec)             <->"TeXGyrePagella/I:mode=node;script=latn;language=dflt
;+tlig;"
(fontspec)             - 'italic small caps'  (m/scit) with NFSS spec.:
(fontspec)             <->"TeXGyrePagella/I:mode=node;script=latn;language=dflt
;+tlig;+smcp;"
(fontspec)             - 'bold italic' (b/it) with NFSS spec.:
(fontspec)             <->"TeXGyrePagella/BI:mode=node;script=latn;language=dfl
t;+tlig;"
(fontspec)             - 'bold italic small caps'  (b/scit) with NFSS spec.:
(fontspec)             <->"TeXGyrePagella/BI:mode=node;script=latn;language=dfl
t;+tlig;+smcp;"


Package fontspec Info: Font family 'TeXGyrePagella(1)' created for font 'TeX
(fontspec)             Gyre Pagella' with options [Renderer=Basic].
(fontspec)              
(fontspec)              This font family consists of the following NFSS
(fontspec)             series/shapes:
(fontspec)              
(fontspec)             - 'normal' (m/n) with NFSS spec.:
(fontspec)             <->"TeXGyrePagella:mode=base;script=latn;language=dflt;"

(fontspec)             - 'small caps'  (m/sc) with NFSS spec.:
(fontspec)             <->"TeXGyrePagella:mode=base;script=latn;language=dflt;+
smcp;"
(fontspec)             - 'bold' (b/n) with NFSS spec.:
(fontspec)             <->"TeXGyrePagella/B:mode=base;script=latn;language=dflt
;"
(fontspec)             - 'bold small caps'  (b/sc) with NFSS spec.:
(fontspec)             <->"TeXGyrePagella/B:mode=base;script=latn;language=dflt
;+smcp;"
(fontspec)             - 'italic' (m/it) with NFSS spec.:
(fontspec)             <->"TeXGyrePagella/I:mode=base;script=latn;language=dflt
;"
(fontspec)             - 'italic small caps'  (m/scit) with NFSS spec.:
(fontspec)             <->"TeXGyrePagella/I:mode=base;script=latn;language=dflt
;+smcp;"
(fontspec)             - 'bold italic' (b/it) with NFSS spec.:
(fontspec)             <->"TeXGyrePagella/BI:mode=base;script=latn;language=dfl
t;"
(fontspec)             - 'bold italic small caps'  (b/scit) with NFSS spec.:
(fontspec)             <->"TeXGyrePagella/BI:mode=base;script=latn;language=dfl
t;+smcp;"

LaTeX Font Info:    Overwriting math alphabet `\mathrm' in version `normal'
(Font)                  OT1/cmr/m/n --> TU/TeXGyrePagella(1)/m/n on input line 
12.
LaTeX Font Info:    Overwriting math alphabet `\mathit' in version `normal'
(Font)                  OT1/cmr/m/it --> TU/TeXGyrePagella(1)/m/it on input lin
e 12.
LaTeX Font Info:    Overwriting math alphabet `\mathbf' in version `normal'
(Font)                  OT1/cmr/bx/n --> TU/TeXGyrePagella(1)/b/n on input line
 12.

Package fontspec Info: Could not resolve font "TeXGyrePagellaMath/B" (it
(fontspec)             probably doesn't exist).


Package fontspec Info: Font family 'TeXGyrePagellaMath(0)' created for font
(fontspec)             'TeX Gyre Pagella Math' with options
(fontspec)             [Renderer=Basic,BoldItalicFont={},ItalicFont={},SmallCap
sFont={},Script=Math,RawFeature={mathfontdimen=xetex}].
(fontspec)              
(fontspec)              This font family consists of the following NFSS
(fontspec)             series/shapes:
(fontspec)              
(fontspec)             - 'normal' (m/n) with NFSS spec.:
(fontspec)             <->"TeXGyrePagellaMath:mode=base;script=math;language=df
lt;mathfontdimen=xetex;"
(fontspec)             - 'small caps'  (m/sc) with NFSS spec.: 


Package fontspec Info: Could not resolve font "TeXGyrePagellaMath/B" (it
(fontspec)             probably doesn't exist).


Package fontspec Info: Font family 'TeXGyrePagellaMath(1)' created for font
(fontspec)             'TeX Gyre Pagella Math' with options
(fontspec)             [Renderer=Basic,BoldItalicFont={},ItalicFont={},SmallCap
sFont={},Script=Math,SizeFeatures={{Size=9.5265-},{Size=7.06275-9.5265,Font=TeX

(fontspec)             Gyre Pagella
(fontspec)             Math,Style=MathScript},{Size=-7.06275,Font=TeX Gyre
(fontspec)             Pagella
(fontspec)             Math,Style=MathScriptScript}},RawFeature={mathfontdimen=
xetex}].
(fontspec)              
(fontspec)              This font family consists of the following NFSS
(fontspec)             series/shapes:
(fontspec)              
(fontspec)             - 'normal' (m/n) with NFSS spec.:
(fontspec)             <9.5265->"TeXGyrePagellaMath:mode=base;script=math;langu
age=dflt;mathfontdimen=xetex;"<7.06275-9.5265>"TeXGyrePagellaMath:mode=base;scr
ipt=math;language=dflt;mathfontdimen=xetex;+ssty=0;"<-7.06275>"TeXGyrePagellaMa
th:mode=base;script=math;language=dflt;mathfontdimen=xetex;+ssty=1;"
(fontspec)             - 'small caps'  (m/sc) with NFSS spec.: 

LaTeX Font Info:    Encoding `OT1' has changed to `TU' for symbol font
(Font)              `operators' in the math version `normal' on input line 13.
LaTeX Font Info:    Overwriting symbol font `operators' in version `normal'
(Font)                  OT1/cmr/m/n --> TU/TeXGyrePagellaMath(1)/m/n on input l
ine 13.
LaTeX Font Info:    Encoding `OT1' has changed to `TU' for symbol font
(Font)              `operators' in the math version `bold' on input line 13.
LaTeX Font Info:    Overwriting symbol font `operators' in version `bold'
(Font)                  OT1/cmr/bx/n --> TU/TeXGyrePagellaMath(1)/b/n on input 
line 13.

Package fontspec Info: Could not resolve font "TeXGyrePagellaMath/B" (it
(fontspec)             probably doesn't exist).


Package fontspec Info: Font family 'TeXGyrePagellaMath(2)' created for font
(fontspec)             'TeX Gyre Pagella Math' with options
(fontspec)             [Renderer=Basic,BoldItalicFont={},ItalicFont={},SmallCap
sFont={},Script=Math,SizeFeatures={{Size=9.5265-},{Size=7.06275-9.5265,Font=TeX

(fontspec)             Gyre Pagella
(fontspec)             Math,Style=MathScript},{Size=-7.06275,Font=TeX Gyre
(fontspec)             Pagella
(fontspec)             Math,Style=MathScriptScript}},RawFeature={mathfontdimen=
xetex},RawFeature={mathfontdimen=tex2}].
(fontspec)              
(fontspec)              This font family consists of the following NFSS
(fontspec)             series/shapes:
(fontspec)              
(fontspec)             - 'normal' (m/n) with NFSS spec.:
(fontspec)             <9.5265->"TeXGyrePagellaMath:mode=base;script=math;langu
age=dflt;mathfontdimen=xetex;mathfontdimen=tex2;"<7.06275-9.5265>"TeXGyrePagell
aMath:mode=base;script=math;language=dflt;mathfontdimen=xetex;mathfontdimen=tex
2;+ssty=0;"<-7.06275>"TeXGyrePagellaMath:mode=base;script=math;language=dflt;ma
thfontdimen=xetex;mathfontdimen=tex2;+ssty=1;"
(fontspec)             - 'small caps'  (m/sc) with NFSS spec.: 

LaTeX Font Info:    Encoding `OMS' has changed to `TU' for symbol font
(Font)              `symbols' in the math version `normal' on input line 13.
LaTeX Font Info:    Overwriting symbol font `symbols' in version `normal'
(Font)                  OMS/cmsy/m/n --> TU/TeXGyrePagellaMath(2)/m/n on input 
line 13.
LaTeX Font Info:    Encoding `OMS' has changed to `TU' for symbol font
(Font)              `symbols' in the math version `bold' on input line 13.
LaTeX Font Info:    Overwriting symbol font `symbols' in version `bold'
(Font)                  OMS/cmsy/b/n --> TU/TeXGyrePagellaMath(2)/b/n on input 
line 13.

Package fontspec Info: Could not resolve font "TeXGyrePagellaMath/B" (it
(fontspec)             probably doesn't exist).


Package fontspec Info: Font family 'TeXGyrePagellaMath(3)' created for font
(fontspec)             'TeX Gyre Pagella Math' with options
(fontspec)             [Renderer=Basic,BoldItalicFont={},ItalicFont={},SmallCap
sFont={},Script=Math,SizeFeatures={{Size=9.5265-},{Size=7.06275-9.5265,Font=TeX

(fontspec)             Gyre Pagella
(fontspec)             Math,Style=MathScript},{Size=-7.06275,Font=TeX Gyre
(fontspec)             Pagella
(fontspec)             Math,Style=MathScriptScript}},RawFeature={mathfontdimen=
xetex},RawFeature={mathfontdimen=tex3}].
(fontspec)              
(fontspec)              This font family consists of the following NFSS
(fontspec)             series/shapes:
(fontspec)              
(fontspec)             - 'normal' (m/n) with NFSS spec.:
(fontspec)             <9.5265->"TeXGyrePagellaMath:mode=base;script=math;langu
age=dflt;mathfontdimen=xetex;mathfontdimen=tex3;"<7.06275-9.5265>"TeXGyrePagell
aMath:mode=base;script=math;language=dflt;mathfontdimen=xetex;mathfontdimen=tex
3;+ssty=0;"<-7.06275>"TeXGyrePagellaMath:mode=base;script=math;language=dflt;ma
thfontdimen=xetex;mathfontdimen=tex3;+ssty=1;"
(fontspec)             - 'small caps'  (m/sc) with NFSS spec.: 

LaTeX Font Info:    Encoding `OMX' has changed to `TU' for symbol font
(Font)              `largesymbols' in the math version `normal' on input line 1
3.
LaTeX Font Info:    Overwriting symbol font `largesymbols' in version `normal'
(Font)                  OMX/cmex/m/n --> TU/TeXGyrePagellaMath(3)/m/n on input 
line 13.
LaTeX Font Info:    Encoding `OMX' has changed to `TU' for symbol font
(Font)              `largesymbols' in the math version `bold' on input line 13.

LaTeX Font Info:    Overwriting symbol font `largesymbols' in version `bold'
(Font)                  OMX/cmex/m/n --> TU/TeXGyrePagellaMath(3)/b/n on input 
line 13.
(/usr/share/texlive/texmf-dist/tex/latex/geometry/geometry.sty
Package: geometry 2020/01/02 v5.9 Page Geometry

(/usr/share/texlive/texmf-dist/tex/latex/graphics/keyval.sty
Package: keyval 2022/05/29 v1.15 key=value parser (DPC)
\KV@toks@=\toks22
)
(/usr/share/texlive/texmf-dist/tex/generic/iftex/ifvtex.sty
Package: ifvtex 2019/10/25 v1.7 ifvtex legacy package. Use iftex instead.

(/usr/share/texlive/texmf-dist/tex/generic/iftex/iftex.sty
Package: iftex 2022/02/03 v1.0f TeX engine tests
))
\Gm@cnth=\count288
\Gm@cntv=\count289
\c@Gm@tempcnt=\count290
\Gm@bindingoffset=\dimen152
\Gm@wd@mp=\dimen153
\Gm@odd@mp=\dimen154
\Gm@even@mp=\dimen155
\Gm@layoutwidth=\dimen156
\Gm@layoutheight=\dimen157
\Gm@layouthoffset=\dimen158
\Gm@layoutvoffset=\dimen159
\Gm@dimlist=\toks23
)
(/usr/share/texlive/texmf-dist/tex/latex/amsfonts/amssymb.sty
Package: amssymb 2013/01/14 v3.01 AMS font symbols

(/usr/share/texlive/texmf-dist/tex/latex/amsfonts/amsfonts.sty
Package: amsfonts 2013/01/14 v3.01 Basic AMSFonts support
\symAMSa=\mathgroup4
\symAMSb=\mathgroup5
LaTeX Font Info:    Redeclaring math delimiter \ulcorner on input line 74.
LaTeX Font Info:    Redeclaring math delimiter \urcorner on input line 75.
LaTeX Font Info:    Redeclaring math delimiter \llcorner on input line 76.
LaTeX Font Info:    Redeclaring math delimiter \lrcorner on input line 77.
LaTeX Font Info:    Redeclaring math symbol \hbar on input line 98.
)

! LaTeX Error: Command `\eth' already defined.

See the LaTeX manual or LaTeX Companion for explanation.
Type  H <return>  for immediate help.
 ...                                              
                                                  
l.240 ...mbol{\eth}            {\mathord}{AMSb}{"67}
                                                  
Your command was ignored.
Type  I <command> <return>  to replace it with another command,
or  <return>  to continue without it.


! LaTeX Error: Command `\smallsetminus' already defined.

See the LaTeX manual or LaTeX Companion for explanation.
Type  H <return>  for immediate help.
 ...                                              
                                                  
l.251 ...mbol{\smallsetminus}  {\mathbin}{AMSb}{"72}
                                                  
Your command was ignored.
Type  I <command> <return>  to replace it with another command,
or  <return>  to continue without it.


! LaTeX Error: Command `\digamma' already defined.

See the LaTeX manual or LaTeX Companion for explanation.
Type  H <return>  for immediate help.
 ...                                              
                                                  
l.259 ...mbol{\digamma}        {\mathord}{AMSb}{"7A}
                                                  
Your command was ignored.
Type  I <command> <return>  to replace it with another command,
or  <return>  to continue without it.


! LaTeX Error: Command `\backepsilon' already defined.

See the LaTeX manual or LaTeX Companion for explanation.
Type  H <return>  for immediate help.
 ...                                              
                                                  
l.265 ...mbol{\backepsilon}    {\mathrel}{AMSb}{"7F}
                                                  
Your command was ignored.
Type  I <command> <return>  to replace it with another command,
or  <return>  to continue without it.

) (/usr/share/texlive/texmf-dist/tex/latex/amscls/amsthm.sty
Package: amsthm 2020/05/29 v2.20.6
\thm@style=\toks24
\thm@bodyfont=\toks25
\thm@headfont=\toks26
\thm@notefont=\toks27
\thm@headpunct=\toks28
\thm@preskip=\skip53
\thm@postskip=\skip54
\thm@headsep=\skip55
\dth@everypar=\toks29
)
(/usr/share/texlive/texmf-dist/tex/latex/mathtools/mathtools.sty
Package: mathtools 2022/06/29 v1.29 mathematical typesetting tools

(/usr/share/texlive/texmf-dist/tex/latex/tools/calc.sty
Package: calc 2023/07/08 v4.3 Infix arithmetic (KKT,FJ)
\calc@Acount=\count291
\calc@Bcount=\count292
\calc@Adimen=\dimen160
\calc@Bdimen=\dimen161
\calc@Askip=\skip56
\calc@Bskip=\skip57
LaTeX Info: Redefining \setlength on input line 80.
LaTeX Info: Redefining \addtolength on input line 81.
\calc@Ccount=\count293
\calc@Cskip=\skip58
)
(/usr/share/texlive/texmf-dist/tex/latex/mathtools/mhsetup.sty
Package: mhsetup 2021/03/18 v1.4 programming setup (MH)
)

Package mathtools Warning: For best results, please load mathtools *before* 
(mathtools)                unicode-math on input line 126.

\g_MT_multlinerow_int=\count294
\l_MT_multwidth_dim=\dimen162
\origjot=\skip59
\l_MT_shortvdotswithinadjustabove_dim=\dimen163
\l_MT_shortvdotswithinadjustbelow_dim=\dimen164
\l_MT_above_intertext_sep=\dimen165
\l_MT_below_intertext_sep=\dimen166
\l_MT_above_shortintertext_sep=\dimen167
\l_MT_below_shortintertext_sep=\dimen168
\xmathstrut@box=\box54
\xmathstrut@dim=\dimen169
) (/usr/share/texlive/texmf-dist/tex/latex/pgf/frontendlayer/tikz.sty
(/usr/share/texlive/texmf-dist/tex/latex/pgf/basiclayer/pgf.sty
(/usr/share/texlive/texmf-dist/tex/latex/pgf/utilities/pgfrcs.sty
(/usr/share/texlive/texmf-dist/tex/generic/pgf/utilities/pgfutil-common.tex
\pgfutil@everybye=\toks30
\pgfutil@tempdima=\dimen170
\pgfutil@tempdimb=\dimen171
)
(/usr/share/texlive/texmf-dist/tex/generic/pgf/utilities/pgfutil-latex.def
\pgfutil@abb=\box55
)
(/usr/share/texlive/texmf-dist/tex/generic/pgf/utilities/pgfrcs.code.tex
(/usr/share/texlive/texmf-dist/tex/generic/pgf/pgf.revision.tex)
Package: pgfrcs 2023-01-15 v3.1.10 (3.1.10)
))
Package: pgf 2023-01-15 v3.1.10 (3.1.10)

(/usr/share/texlive/texmf-dist/tex/latex/pgf/basiclayer/pgfcore.sty
(/usr/share/texlive/texmf-dist/tex/latex/graphics/graphicx.sty
Package: graphicx 2021/09/16 v1.2d Enhanced LaTeX Graphics (DPC,SPQR)

(/usr/share/texlive/texmf-dist/tex/latex/graphics/graphics.sty
Package: graphics 2022/03/10 v1.4e Standard LaTeX Graphics (DPC,SPQR)

(/usr/share/texlive/texmf-dist/tex/latex/graphics/trig.sty
Package: trig 2021/08/11 v1.11 sin cos tan (DPC)
)
(/usr/share/texlive/texmf-dist/tex/latex/graphics-cfg/graphics.cfg
File: graphics.cfg 2016/06/04 v1.11 sample graphics configuration
)
Package graphics Info: Driver file: luatex.def on input line 107.

(/usr/share/texlive/texmf-dist/tex/latex/graphics-def/luatex.def
File: luatex.def 2022/09/22 v1.2d Graphics/color driver for luatex
))
\Gin@req@height=\dimen172
\Gin@req@width=\dimen173
)
(/usr/share/texlive/texmf-dist/tex/latex/pgf/systemlayer/pgfsys.sty
(/usr/share/texlive/texmf-dist/tex/generic/pgf/systemlayer/pgfsys.code.tex
Package: pgfsys 2023-01-15 v3.1.10 (3.1.10)

(/usr/share/texlive/texmf-dist/tex/generic/pgf/utilities/pgfkeys.code.tex
\pgfkeys@pathtoks=\toks31
\pgfkeys@temptoks=\toks32

(/usr/share/texlive/texmf-dist/tex/generic/pgf/utilities/pgfkeyslibraryfiltered
.code.tex
\pgfkeys@tmptoks=\toks33
))
\pgf@x=\dimen174
\pgf@y=\dimen175
\pgf@xa=\dimen176
\pgf@ya=\dimen177
\pgf@xb=\dimen178
\pgf@yb=\dimen179
\pgf@xc=\dimen180
\pgf@yc=\dimen181
\pgf@xd=\dimen182
\pgf@yd=\dimen183
\w@pgf@writea=\write3
\r@pgf@reada=\read2
\c@pgf@counta=\count295
\c@pgf@countb=\count296
\c@pgf@countc=\count297
\c@pgf@countd=\count298
\t@pgf@toka=\toks34
\t@pgf@tokb=\toks35
\t@pgf@tokc=\toks36
\pgf@sys@id@count=\count299
 (/usr/share/texlive/texmf-dist/tex/generic/pgf/systemlayer/pgf.cfg
File: pgf.cfg 2023-01-15 v3.1.10 (3.1.10)
)
Driver file for pgf: pgfsys-luatex.def
(/usr/share/texlive/texmf-dist/tex/generic/pgf/systemlayer/pgfsys-luatex.def
File: pgfsys-luatex.def 2023-01-15 v3.1.10 (3.1.10)

(/usr/share/texlive/texmf-dist/tex/generic/pgf/systemlayer/pgfsys-common-pdf.de
f
File: pgfsys-common-pdf.def 2023-01-15 v3.1.10 (3.1.10)
)))
(/usr/share/texlive/texmf-dist/tex/generic/pgf/systemlayer/pgfsyssoftpath.code.
tex
File: pgfsyssoftpath.code.tex 2023-01-15 v3.1.10 (3.1.10)
\pgfsyssoftpath@smallbuffer@items=\count300
\pgfsyssoftpath@bigbuffer@items=\count301
)
(/usr/share/texlive/texmf-dist/tex/generic/pgf/systemlayer/pgfsysprotocol.code.
tex
File: pgfsysprotocol.code.tex 2023-01-15 v3.1.10 (3.1.10)
)) (/usr/share/texlive/texmf-dist/tex/latex/xcolor/xcolor.sty
Package: xcolor 2023/11/15 v3.01 LaTeX color extensions (UK)

(/usr/share/texlive/texmf-dist/tex/latex/graphics-cfg/color.cfg
File: color.cfg 2016/01/02 v1.6 sample color configuration
)
Package xcolor Info: Driver file: luatex.def on input line 274.

(/usr/share/texlive/texmf-dist/tex/latex/graphics/mathcolor.ltx)
Package xcolor Info: Model `cmy' substituted by `cmy0' on input line 1350.
Package xcolor Info: Model `hsb' substituted by `rgb' on input line 1354.
Package xcolor Info: Model `RGB' extended on input line 1366.
Package xcolor Info: Model `HTML' substituted by `rgb' on input line 1368.
Package xcolor Info: Model `Hsb' substituted by `hsb' on input line 1369.
Package xcolor Info: Model `tHsb' substituted by `hsb' on input line 1370.
Package xcolor Info: Model `HSB' substituted by `hsb' on input line 1371.
Package xcolor Info: Model `Gray' substituted by `gray' on input line 1372.
Package xcolor Info: Model `wave' substituted by `hsb' on input line 1373.
)
(/usr/share/texlive/texmf-dist/tex/generic/pgf/basiclayer/pgfcore.code.tex
Package: pgfcore 2023-01-15 v3.1.10 (3.1.10)

(/usr/share/texlive/texmf-dist/tex/generic/pgf/math/pgfmath.code.tex
(/usr/share/texlive/texmf-dist/tex/generic/pgf/math/pgfmathutil.code.tex)
(/usr/share/texlive/texmf-dist/tex/generic/pgf/math/pgfmathparser.code.tex
\pgfmath@dimen=\dimen184
\pgfmath@count=\count302
\pgfmath@box=\box56
\pgfmath@toks=\toks37
\pgfmath@stack@operand=\toks38
\pgfmath@stack@operation=\toks39
)
(/usr/share/texlive/texmf-dist/tex/generic/pgf/math/pgfmathfunctions.code.tex)
(/usr/share/texlive/texmf-dist/tex/generic/pgf/math/pgfmathfunctions.basic.code
.tex)
(/usr/share/texlive/texmf-dist/tex/generic/pgf/math/pgfmathfunctions.trigonomet
ric.code.tex)
(/usr/share/texlive/texmf-dist/tex/generic/pgf/math/pgfmathfunctions.random.cod
e.tex)
(/usr/share/texlive/texmf-dist/tex/generic/pgf/math/pgfmathfunctions.comparison
.code.tex)
(/usr/share/texlive/texmf-dist/tex/generic/pgf/math/pgfmathfunctions.base.code.
tex)
(/usr/share/texlive/texmf-dist/tex/generic/pgf/math/pgfmathfunctions.round.code
.tex)
(/usr/share/texlive/texmf-dist/tex/generic/pgf/math/pgfmathfunctions.misc.code.
tex)
(/usr/share/texlive/texmf-dist/tex/generic/pgf/math/pgfmathfunctions.integerari
thmetics.code.tex)
(/usr/share/texlive/texmf-dist/tex/generic/pgf/math/pgfmathcalc.code.tex)
(/usr/share/texlive/texmf-dist/tex/generic/pgf/math/pgfmathfloat.code.tex
\c@pgfmathroundto@lastzeros=\count303
))
(/usr/share/texlive/texmf-dist/tex/generic/pgf/math/pgfint.code.tex)
(/usr/share/texlive/texmf-dist/tex/generic/pgf/basiclayer/pgfcorepoints.code.te
x
File: pgfcorepoints.code.tex 2023-01-15 v3.1.10 (3.1.10)
\pgf@picminx=\dimen185
\pgf@picmaxx=\dimen186
\pgf@picminy=\dimen187
\pgf@picmaxy=\dimen188
\pgf@pathminx=\dimen189
\pgf@pathmaxx=\dimen190
\pgf@pathminy=\dimen191
\pgf@pathmaxy=\dimen192
\pgf@xx=\dimen193
\pgf@xy=\dimen194
\pgf@yx=\dimen195
\pgf@yy=\dimen196
\pgf@zx=\dimen197
\pgf@zy=\dimen198
)
(/usr/share/texlive/texmf-dist/tex/generic/pgf/basiclayer/pgfcorepathconstruct.
code.tex
File: pgfcorepathconstruct.code.tex 2023-01-15 v3.1.10 (3.1.10)
\pgf@path@lastx=\dimen199
\pgf@path@lasty=\dimen256
)
(/usr/share/texlive/texmf-dist/tex/generic/pgf/basiclayer/pgfcorepathusage.code
.tex
File: pgfcorepathusage.code.tex 2023-01-15 v3.1.10 (3.1.10)
\pgf@shorten@end@additional=\dimen257
\pgf@shorten@start@additional=\dimen258
)
(/usr/share/texlive/texmf-dist/tex/generic/pgf/basiclayer/pgfcorescopes.code.te
x
File: pgfcorescopes.code.tex 2023-01-15 v3.1.10 (3.1.10)
\pgfpic=\box57
\pgf@hbox=\box58
\pgf@layerbox@main=\box59
\pgf@picture@serial@count=\count304
)
(/usr/share/texlive/texmf-dist/tex/generic/pgf/basiclayer/pgfcoregraphicstate.c
ode.tex
File: pgfcoregraphicstate.code.tex 2023-01-15 v3.1.10 (3.1.10)
\pgflinewidth=\dimen259
)
(/usr/share/texlive/texmf-dist/tex/generic/pgf/basiclayer/pgfcoretransformation
s.code.tex
File: pgfcoretransformations.code.tex 2023-01-15 v3.1.10 (3.1.10)
\pgf@pt@x=\dimen260
\pgf@pt@y=\dimen261
\pgf@pt@temp=\dimen262
)
(/usr/share/texlive/texmf-dist/tex/generic/pgf/basiclayer/pgfcorequick.code.tex
File: pgfcorequick.code.tex 2023-01-15 v3.1.10 (3.1.10)
)
(/usr/share/texlive/texmf-dist/tex/generic/pgf/basiclayer/pgfcoreobjects.code.t
ex
File: pgfcoreobjects.code.tex 2023-01-15 v3.1.10 (3.1.10)
)
(/usr/share/texlive/texmf-dist/tex/generic/pgf/basiclayer/pgfcorepathprocessing
.code.tex
File: pgfcorepathprocessing.code.tex 2023-01-15 v3.1.10 (3.1.10)
)
(/usr/share/texlive/texmf-dist/tex/generic/pgf/basiclayer/pgfcorearrows.code.te
x
File: pgfcorearrows.code.tex 2023-01-15 v3.1.10 (3.1.10)
\pgfarrowsep=\dimen263
)
(/usr/share/texlive/texmf-dist/tex/generic/pgf/basiclayer/pgfcoreshade.code.tex
File: pgfcoreshade.code.tex 2023-01-15 v3.1.10 (3.1.10)
\pgf@max=\dimen264
\pgf@sys@shading@range@num=\count305
\pgf@shadingcount=\count306
)
(/usr/share/texlive/texmf-dist/tex/generic/pgf/basiclayer/pgfcoreimage.code.tex
File: pgfcoreimage.code.tex 2023-01-15 v3.1.10 (3.1.10)
)
(/usr/share/texlive/texmf-dist/tex/generic/pgf/basiclayer/pgfcoreexternal.code.
tex
File: pgfcoreexternal.code.tex 2023-01-15 v3.1.10 (3.1.10)
\pgfexternal@startupbox=\box60
)
(/usr/share/texlive/texmf-dist/tex/generic/pgf/basiclayer/pgfcorelayers.code.te
x
File: pgfcorelayers.code.tex 2023-01-15 v3.1.10 (3.1.10)
)
(/usr/share/texlive/texmf-dist/tex/generic/pgf/basiclayer/pgfcoretransparency.c
ode.tex
File: pgfcoretransparency.code.tex 2023-01-15 v3.1.10 (3.1.10)
)
(/usr/share/texlive/texmf-dist/tex/generic/pgf/basiclayer/pgfcorepatterns.code.
tex
File: pgfcorepatterns.code.tex 2023-01-15 v3.1.10 (3.1.10)
)
(/usr/share/texlive/texmf-dist/tex/generic/pgf/basiclayer/pgfcorerdf.code.tex
File: pgfcorerdf.code.tex 2023-01-15 v3.1.10 (3.1.10)
)))
(/usr/share/texlive/texmf-dist/tex/generic/pgf/modules/pgfmoduleshapes.code.tex
File: pgfmoduleshapes.code.tex 2023-01-15 v3.1.10 (3.1.10)
\pgfnodeparttextbox=\box61
) (/usr/share/texlive/texmf-dist/tex/generic/pgf/modules/pgfmoduleplot.code.tex
File: pgfmoduleplot.code.tex 2023-01-15 v3.1.10 (3.1.10)
)
(/usr/share/texlive/texmf-dist/tex/latex/pgf/compatibility/pgfcomp-version-0-65
.sty
Package: pgfcomp-version-0-65 2023-01-15 v3.1.10 (3.1.10)
\pgf@nodesepstart=\dimen265
\pgf@nodesepend=\dimen266
)
(/usr/share/texlive/texmf-dist/tex/latex/pgf/compatibility/pgfcomp-version-1-18
.sty
Package: pgfcomp-version-1-18 2023-01-15 v3.1.10 (3.1.10)
)) (/usr/share/texlive/texmf-dist/tex/latex/pgf/utilities/pgffor.sty
(/usr/share/texlive/texmf-dist/tex/latex/pgf/utilities/pgfkeys.sty
(/usr/share/texlive/texmf-dist/tex/generic/pgf/utilities/pgfkeys.code.tex))
(/usr/share/texlive/texmf-dist/tex/latex/pgf/math/pgfmath.sty
(/usr/share/texlive/texmf-dist/tex/generic/pgf/math/pgfmath.code.tex))
(/usr/share/texlive/texmf-dist/tex/generic/pgf/utilities/pgffor.code.tex
Package: pgffor 2023-01-15 v3.1.10 (3.1.10)
\pgffor@iter=\dimen267
\pgffor@skip=\dimen268
\pgffor@stack=\toks40
\pgffor@toks=\toks41
))
(/usr/share/texlive/texmf-dist/tex/generic/pgf/frontendlayer/tikz/tikz.code.tex
Package: tikz 2023-01-15 v3.1.10 (3.1.10)

(/usr/share/texlive/texmf-dist/tex/generic/pgf/libraries/pgflibraryplothandlers
.code.tex
File: pgflibraryplothandlers.code.tex 2023-01-15 v3.1.10 (3.1.10)
\pgf@plot@mark@count=\count307
\pgfplotmarksize=\dimen269
)
\tikz@lastx=\dimen270
\tikz@lasty=\dimen271
\tikz@lastxsaved=\dimen272
\tikz@lastysaved=\dimen273
\tikz@lastmovetox=\dimen274
\tikz@lastmovetoy=\dimen275
\tikzleveldistance=\dimen276
\tikzsiblingdistance=\dimen277
\tikz@figbox=\box62
\tikz@figbox@bg=\box63
\tikz@tempbox=\box64
\tikz@tempbox@bg=\box65
\tikztreelevel=\count308
\tikznumberofchildren=\count309
\tikznumberofcurrentchild=\count310
\tikz@fig@count=\count311

(/usr/share/texlive/texmf-dist/tex/generic/pgf/modules/pgfmodulematrix.code.tex
File: pgfmodulematrix.code.tex 2023-01-15 v3.1.10 (3.1.10)
\pgfmatrixcurrentrow=\count312
\pgfmatrixcurrentcolumn=\count313
\pgf@matrix@numberofcolumns=\count314
)
\tikz@expandcount=\count315

(/usr/share/texlive/texmf-dist/tex/generic/pgf/frontendlayer/tikz/libraries/tik
zlibrarytopaths.code.tex
File: tikzlibrarytopaths.code.tex 2023-01-15 v3.1.10 (3.1.10)
)))
(/usr/share/texlive/texmf-dist/tex/generic/pgf/frontendlayer/tikz/libraries/tik
zlibraryangles.code.tex
File: tikzlibraryangles.code.tex 2023-01-15 v3.1.10 (3.1.10)
)
(/usr/share/texlive/texmf-dist/tex/generic/pgf/frontendlayer/tikz/libraries/tik
zlibraryquotes.code.tex
File: tikzlibraryquotes.code.tex 2023-01-15 v3.1.10 (3.1.10)
)
(/usr/share/texlive/texmf-dist/tex/generic/pgf/libraries/pgflibraryarrows.meta.
code.tex
File: pgflibraryarrows.meta.code.tex 2023-01-15 v3.1.10 (3.1.10)
\pgfarrowinset=\dimen278
\pgfarrowlength=\dimen279
\pgfarrowwidth=\dimen280
\pgfarrowlinewidth=\dimen281
)
(/usr/share/texlive/texmf-dist/tex/generic/pgf/frontendlayer/tikz/libraries/tik
zlibrarycalc.code.tex
File: tikzlibrarycalc.code.tex 2023-01-15 v3.1.10 (3.1.10)
)
(/usr/share/texlive/texmf-dist/tex/generic/pgf/frontendlayer/tikz/libraries/tik
zlibraryintersections.code.tex
(/usr/share/texlive/texmf-dist/tex/generic/pgf/libraries/pgflibraryintersection
s.code.tex
(/usr/share/texlive/texmf-dist/tex/generic/pgf/libraries/pgflibraryfpu.code.tex
)
\pgf@intersect@solutions=\count316
)) (/usr/share/texlive/texmf-dist/tex/latex/pgfplots/pgfplots.sty
(/usr/share/texlive/texmf-dist/tex/generic/pgfplots/pgfplots.revision.tex)
Package: pgfplots 2021/05/15 v1.18.1 Data Visualization (1.18.1)

(/usr/share/texlive/texmf-dist/tex/generic/pgfplots/pgfplots.code.tex
(/usr/share/texlive/texmf-dist/tex/generic/pgfplots/pgfplotscore.code.tex
Package pgfplots info on input line 124: Initializing with LUA version Lua 5.3
\pgfplots@luabackend@table=\catcodetable14
\t@pgfplots@toka=\toks42
\t@pgfplots@tokb=\toks43
\t@pgfplots@tokc=\toks44
\pgfplots@tmpa=\dimen282
\c@pgfplots@coordindex=\count317
\c@pgfplots@scanlineindex=\count318

(/usr/share/texlive/texmf-dist/tex/generic/pgfplots/sys/pgfplotssysgeneric.code
.tex))
(/usr/share/texlive/texmf-dist/tex/generic/pgfplots/libs/pgfplotslibrary.code.t
ex)
(/usr/share/texlive/texmf-dist/tex/generic/pgfplots/oldpgfcompatib/pgfplotsoldp
gfsupp_loader.code.tex
Package pgfplots: loading complementary utilities for your pgf version...
\t@pgf@toka=\toks45
\t@pgf@tokb=\toks46
\t@pgf@tokc=\toks47

(/usr/share/texlive/texmf-dist/tex/generic/pgfplots/oldpgfcompatib/pgfplotsoldp
gfsupp_pgfutil-common-lists.tex)
(/usr/share/texlive/texmf-dist/tex/generic/pgf/libraries/luamath/pgflibraryluam
ath.code.tex)
Package pgfplots info on input line 290: luamath library shipped with pgf 3.1.1
0 is up-to-date
)
(/usr/share/texlive/texmf-dist/tex/generic/pgfplots/util/pgfplotsutil.code.tex
Package pgfplots info on input line 82: Found new luatex: initializing lua comm
ands instead of write18 (shell-escape)

(/usr/share/texlive/texmf-dist/tex/generic/pgfplots/liststructure/pgfplotslists
tructure.code.tex)
(/usr/share/texlive/texmf-dist/tex/generic/pgfplots/liststructure/pgfplotslists
tructureext.code.tex)
(/usr/share/texlive/texmf-dist/tex/generic/pgfplots/liststructure/pgfplotsarray
.code.tex
\c@pgfplotsarray@tmp=\count319
)
(/usr/share/texlive/texmf-dist/tex/generic/pgfplots/liststructure/pgfplotsmatri
x.code.tex)
(/usr/share/texlive/texmf-dist/tex/generic/pgfplots/numtable/pgfplotstableshare
d.code.tex
\c@pgfplotstable@counta=\count320
\t@pgfplotstable@a=\toks48
)
(/usr/share/texlive/texmf-dist/tex/generic/pgfplots/liststructure/pgfplotsdeque
.code.tex)
(/usr/share/texlive/texmf-dist/tex/generic/pgfplots/util/pgfplotsbinary.code.te
x
(/usr/share/texlive/texmf-dist/tex/generic/pgfplots/util/pgfplotsbinary.data.co
de.tex))
(/usr/share/texlive/texmf-dist/tex/generic/pgfplots/util/pgfplotsutil.verb.code
.tex)
(/usr/share/texlive/texmf-dist/tex/generic/pgfplots/libs/pgflibrarypgfplots.sur
fshading.code.tex
\c@pgfplotslibrarysurf@no=\count321

(/usr/share/texlive/texmf-dist/tex/generic/pgfplots/sys/pgflibrarypgfplots.surf
shading.pgfsys-luatex.def)))
(/usr/share/texlive/texmf-dist/tex/generic/pgfplots/util/pgfplotscolormap.code.
tex
(/usr/share/texlive/texmf-dist/tex/generic/pgfplots/util/pgfplotscolor.code.tex
))
(/usr/share/texlive/texmf-dist/tex/generic/pgfplots/pgfplotsstackedplots.code.t
ex)
(/usr/share/texlive/texmf-dist/tex/generic/pgfplots/pgfplotsplothandlers.code.t
ex
(/usr/share/texlive/texmf-dist/tex/generic/pgfplots/pgfplotsmeshplothandler.cod
e.tex
(/usr/share/texlive/texmf-dist/tex/generic/pgfplots/pgfplotsmeshplotimage.code.
tex)))
(/usr/share/texlive/texmf-dist/tex/generic/pgfplots/pgfplots.scaling.code.tex)
(/usr/share/texlive/texmf-dist/tex/generic/pgfplots/pgfplotscoordprocessing.cod
e.tex)
(/usr/share/texlive/texmf-dist/tex/generic/pgfplots/pgfplots.errorbars.code.tex
) (/usr/share/texlive/texmf-dist/tex/generic/pgfplots/pgfplots.markers.code.tex
) (/usr/share/texlive/texmf-dist/tex/generic/pgfplots/pgfplotsticks.code.tex)
(/usr/share/texlive/texmf-dist/tex/generic/pgfplots/pgfplots.paths.code.tex)
(/usr/share/texlive/texmf-dist/tex/generic/pgf/frontendlayer/tikz/libraries/tik
zlibrarydecorations.code.tex
(/usr/share/texlive/texmf-dist/tex/generic/pgf/modules/pgfmoduledecorations.cod
e.tex
\pgfdecoratedcompleteddistance=\dimen283
\pgfdecoratedremainingdistance=\dimen284
\pgfdecoratedinputsegmentcompleteddistance=\dimen285
\pgfdecoratedinputsegmentremainingdistance=\dimen286
\pgf@decorate@distancetomove=\dimen287
\pgf@decorate@repeatstate=\count322
\pgfdecorationsegmentamplitude=\dimen288
\pgfdecorationsegmentlength=\dimen289
)
\tikz@lib@dec@box=\box66
)
(/usr/share/texlive/texmf-dist/tex/generic/pgf/frontendlayer/tikz/libraries/tik
zlibrarydecorations.pathmorphing.code.tex
(/usr/share/texlive/texmf-dist/tex/generic/pgf/libraries/decorations/pgflibrary
decorations.pathmorphing.code.tex))
(/usr/share/texlive/texmf-dist/tex/generic/pgf/frontendlayer/tikz/libraries/tik
zlibrarydecorations.pathreplacing.code.tex
(/usr/share/texlive/texmf-dist/tex/generic/pgf/libraries/decorations/pgflibrary
decorations.pathreplacing.code.tex))
(/usr/share/texlive/texmf-dist/tex/generic/pgfplots/libs/tikzlibrarypgfplots.co
ntourlua.code.tex)
\pgfplots@numplots=\count323
\pgfplots@xmin@reg=\dimen290
\pgfplots@xmax@reg=\dimen291
\pgfplots@ymin@reg=\dimen292
\pgfplots@ymax@reg=\dimen293
\pgfplots@zmin@reg=\dimen294
\pgfplots@zmax@reg=\dimen295
)
(/usr/share/texlive/texmf-dist/tex/generic/pgf/frontendlayer/tikz/libraries/tik
zlibraryplotmarks.code.tex
File: tikzlibraryplotmarks.code.tex 2023-01-15 v3.1.10 (3.1.10)

(/usr/share/texlive/texmf-dist/tex/generic/pgf/libraries/pgflibraryplotmarks.co
de.tex
File: pgflibraryplotmarks.code.tex 2023-01-15 v3.1.10 (3.1.10)
))) (/usr/share/texlive/texmf-dist/tex/latex/booktabs/booktabs.sty
Package: booktabs 2020/01/12 v1.61803398 Publication quality tables
\heavyrulewidth=\dimen296
\lightrulewidth=\dimen297
\cmidrulewidth=\dimen298
\belowrulesep=\dimen299
\belowbottomsep=\dimen300
\aboverulesep=\dimen301
\abovetopsep=\dimen302
\cmidrulesep=\dimen303
\cmidrulekern=\dimen304
\defaultaddspace=\dimen305
\@cmidla=\count324
\@cmidlb=\count325
\@aboverulesep=\dimen306
\@belowrulesep=\dimen307
\@thisruleclass=\count326
\@lastruleclass=\count327
\@thisrulewidth=\dimen308
)
(/usr/share/texlive/texmf-dist/tex/latex/hyperref/hyperref.sty
Package: hyperref 2024-01-20 v7.01h Hypertext links for LaTeX

(/usr/share/texlive/texmf-dist/tex/latex/kvsetkeys/kvsetkeys.sty
Package: kvsetkeys 2022-10-05 v1.19 Key value parser (HO)
)
(/usr/share/texlive/texmf-dist/tex/generic/kvdefinekeys/kvdefinekeys.sty
Package: kvdefinekeys 2019-12-19 v1.6 Define keys (HO)
)
(/usr/share/texlive/texmf-dist/tex/generic/pdfescape/pdfescape.sty
Package: pdfescape 2019/12/09 v1.15 Implements pdfTeX's escape features (HO)

(/usr/share/texlive/texmf-dist/tex/generic/ltxcmds/ltxcmds.sty
Package: ltxcmds 2023-12-04 v1.26 LaTeX kernel commands for general use (HO)
)
(/usr/share/texlive/texmf-dist/tex/generic/pdftexcmds/pdftexcmds.sty
Package: pdftexcmds 2020-06-27 v0.33 Utility functions of pdfTeX for LuaTeX (HO
)

(/usr/share/texlive/texmf-dist/tex/generic/infwarerr/infwarerr.sty
Package: infwarerr 2019/12/03 v1.5 Providing info/warning/error messages (HO)
)
Package pdftexcmds Info: \pdf@primitive is available.
Package pdftexcmds Info: \pdf@ifprimitive is available.
Package pdftexcmds Info: \pdfdraftmode found.
\pdftexcmds@toks=\toks49
))
(/usr/share/texlive/texmf-dist/tex/latex/hycolor/hycolor.sty
Package: hycolor 2020-01-27 v1.10 Color options for hyperref/bookmark (HO)
)
(/usr/share/texlive/texmf-dist/tex/latex/auxhook/auxhook.sty
Package: auxhook 2019-12-17 v1.6 Hooks for auxiliary files (HO)
)
(/usr/share/texlive/texmf-dist/tex/latex/hyperref/nameref.sty
Package: nameref 2023-11-26 v2.56 Cross-referencing by name of section

(/usr/share/texlive/texmf-dist/tex/latex/refcount/refcount.sty
Package: refcount 2019/12/15 v3.6 Data extraction from label references (HO)
)
(/usr/share/texlive/texmf-dist/tex/generic/gettitlestring/gettitlestring.sty
Package: gettitlestring 2019/12/15 v1.6 Cleanup title references (HO)

(/usr/share/texlive/texmf-dist/tex/latex/kvoptions/kvoptions.sty
Package: kvoptions 2022-06-15 v3.15 Key value format for package options (HO)
))
\c@section@level=\count328
)
\@linkdim=\dimen309
\Hy@linkcounter=\count329
\Hy@pagecounter=\count330

(/usr/share/texlive/texmf-dist/tex/latex/hyperref/pd1enc.def
File: pd1enc.def 2024-01-20 v7.01h Hyperref: PDFDocEncoding definition (HO)
)
(/usr/share/texlive/texmf-dist/tex/generic/intcalc/intcalc.sty
Package: intcalc 2019/12/15 v1.3 Expandable calculations with integers (HO)
)
\Hy@SavedSpaceFactor=\count331

(/usr/share/texlive/texmf-dist/tex/latex/hyperref/puenc.def
File: puenc.def 2024-01-20 v7.01h Hyperref: PDF Unicode definition (HO)
)
Package hyperref Info: Hyper figures OFF on input line 4179.
Package hyperref Info: Link nesting OFF on input line 4184.
Package hyperref Info: Hyper index ON on input line 4187.
Package hyperref Info: Plain pages OFF on input line 4194.
Package hyperref Info: Backreferencing OFF on input line 4199.
Package hyperref Info: Implicit mode ON; LaTeX internals redefined.
Package hyperref Info: Bookmarks ON on input line 4446.
\c@Hy@tempcnt=\count332

(/usr/share/texlive/texmf-dist/tex/latex/url/url.sty
\Urlmuskip=\muskip18
Package: url 2013/09/16  ver 3.4  Verb mode for urls, etc.
)
LaTeX Info: Redefining \url on input line 4784.
\XeTeXLinkMargin=\dimen310

(/usr/share/texlive/texmf-dist/tex/generic/bitset/bitset.sty
Package: bitset 2019/12/09 v1.3 Handle bit-vector datatype (HO)

(/usr/share/texlive/texmf-dist/tex/generic/bigintcalc/bigintcalc.sty
Package: bigintcalc 2019/12/15 v1.5 Expandable calculations on big integers (HO
)
))
\Fld@menulength=\count333
\Field@Width=\dimen311
\Fld@charsize=\dimen312
Package hyperref Info: Hyper figures OFF on input line 6063.
Package hyperref Info: Link nesting OFF on input line 6068.
Package hyperref Info: Hyper index ON on input line 6071.
Package hyperref Info: backreferencing OFF on input line 6078.
Package hyperref Info: Link coloring OFF on input line 6083.
Package hyperref Info: Link coloring with OCG OFF on input line 6088.
Package hyperref Info: PDF/A mode OFF on input line 6093.

(/usr/share/texlive/texmf-dist/tex/latex/base/atbegshi-ltx.sty
Package: atbegshi-ltx 2021/01/10 v1.0c Emulation of the original atbegshi
package with kernel methods
)
\Hy@abspage=\count334
\c@Item=\count335
\c@Hfootnote=\count336
)
Package hyperref Info: Driver (autodetected): hluatex.

(/usr/share/texlive/texmf-dist/tex/latex/hyperref/hluatex.def
File: hluatex.def 2024-01-20 v7.01h Hyperref driver for luaTeX

(/usr/share/texlive/texmf-dist/tex/generic/stringenc/stringenc.sty
Package: stringenc 2019/11/29 v1.12 Convert strings between diff. encodings (HO
)
)
(/usr/share/texlive/texmf-dist/tex/latex/base/atveryend-ltx.sty
Package: atveryend-ltx 2020/08/19 v1.0a Emulation of the original atveryend pac
kage
with kernel methods
)
\Fld@listcount=\count337
\c@bookmark@seq@number=\count338

(/usr/share/texlive/texmf-dist/tex/latex/rerunfilecheck/rerunfilecheck.sty
Package: rerunfilecheck 2022-07-10 v1.10 Rerun checks for auxiliary files (HO)

(/usr/share/texlive/texmf-dist/tex/generic/uniquecounter/uniquecounter.sty
Package: uniquecounter 2019/12/15 v1.4 Provide unlimited unique counter (HO)
)
Package uniquecounter Info: New unique counter `rerunfilecheck' on input line 2
85.
)
\Hy@SectionHShift=\skip60
)
(/usr/share/texlive/texmf-dist/tex/latex/cleveref/cleveref.sty
Package: cleveref 2018/03/27 v0.21.4 Intelligent cross-referencing
Package cleveref Info: `hyperref' support loaded on input line 2370.
LaTeX Info: Redefining \cref on input line 2370.
LaTeX Info: Redefining \Cref on input line 2370.
LaTeX Info: Redefining \crefrange on input line 2370.
LaTeX Info: Redefining \Crefrange on input line 2370.
LaTeX Info: Redefining \cpageref on input line 2370.
LaTeX Info: Redefining \Cpageref on input line 2370.
LaTeX Info: Redefining \cpagerefrange on input line 2370.
LaTeX Info: Redefining \Cpagerefrange on input line 2370.
LaTeX Info: Redefining \labelcref on input line 2370.
LaTeX Info: Redefining \labelcpageref on input line 2370.
Package cleveref Info: `amsthm' support loaded on input line 3026.
)
(/usr/share/texlive/texmf-dist/tex/latex/fancyhdr/fancyhdr.sty
Package: fancyhdr 2022/11/09 v4.1 Extensive control of page headers and footers

\f@nch@headwidth=\skip61
\f@nch@O@elh=\skip62
\f@nch@O@erh=\skip63
\f@nch@O@olh=\skip64
\f@nch@O@orh=\skip65
\f@nch@O@elf=\skip66
\f@nch@O@erf=\skip67
\f@nch@O@olf=\skip68
\f@nch@O@orf=\skip69
)
(/usr/share/texlive/texmf-dist/tex/latex/titlesec/titlesec.sty
Package: titlesec 2023/10/27 v2.16 Sectioning titles
\ttl@box=\box67
\beforetitleunit=\skip70
\aftertitleunit=\skip71
\ttl@plus=\dimen313
\ttl@minus=\dimen314
\ttl@toksa=\toks50
\titlewidth=\dimen315
\titlewidthlast=\dimen316
\titlewidthfirst=\dimen317
)
(/usr/share/texlive/texmf-dist/tex/latex/tcolorbox/tcolorbox.sty
Package: tcolorbox 2024/01/10 version 6.2.0 text color boxes

(/usr/share/texlive/texmf-dist/tex/latex/tools/verbatim.sty
Package: verbatim 2023-11-06 v1.5v LaTeX2e package for verbatim enhancements
\every@verbatim=\toks51
\verbatim@line=\toks52
\verbatim@in@stream=\read3
)
(/usr/share/texlive/texmf-dist/tex/latex/environ/environ.sty
Package: environ 2014/05/04 v0.3 A new way to define environments

(/usr/share/texlive/texmf-dist/tex/latex/trimspaces/trimspaces.sty
Package: trimspaces 2009/09/17 v1.1 Trim spaces around a token list
))
\tcb@titlebox=\box68
\tcb@upperbox=\box69
\tcb@lowerbox=\box70
\tcb@phantombox=\box71
\c@tcbbreakpart=\count339
\c@tcblayer=\count340
\c@tcolorbox@number=\count341
\l__tcobox_tmpa_box=\box72
\l__tcobox_tmpa_dim=\dimen318
\tcb@temp=\box73
\tcb@temp=\box74
\tcb@temp=\box75
\tcb@temp=\box76
)
(/usr/share/texlive/texmf-dist/tex/latex/tcolorbox/tcbskins.code.tex
Library (tcolorbox): 'tcbskins.code.tex' version '6.2.0'
(/usr/share/texlive/texmf-dist/tex/latex/tikzfill/tikzfill.image.sty
Package: tikzfill.image 2023/08/08 v1.0.1 Image filling library for TikZ

(/usr/share/texlive/texmf-dist/tex/latex/tikzfill/tikzfill-common.sty
Package: tikzfill-common 2023/08/08 v1.0.1 Auxiliary code for tikzfill
)
(/usr/share/texlive/texmf-dist/tex/latex/tikzfill/tikzlibraryfill.image.code.te
x
File: tikzlibraryfill.image.code.tex 2023/08/08 v1.0.1 Image filling library
\l__tikzfill_img_box=\box77
)) (/usr/share/texlive/texmf-dist/tex/latex/tcolorbox/tcbskinsjigsaw.code.tex
Library (tcolorbox): 'tcbskinsjigsaw.code.tex' version '6.2.0'
)) (/usr/share/texlive/texmf-dist/tex/latex/tcolorbox/tcbbreakable.code.tex
Library (tcolorbox): 'tcbbreakable.code.tex' version '6.2.0'
(/usr/share/texlive/texmf-dist/tex/latex/pdfcol/pdfcol.sty
Package: pdfcol 2022-09-21 v1.7 Handle new color stacks for pdfTeX (HO)
)
Package pdfcol Info: New color stack `tcb@breakable' = 1 on input line 23.
\tcb@testbox=\box78
\tcb@totalupperbox=\box79
\tcb@totallowerbox=\box80

(/usr/share/texlive/texmf-dist/tex/generic/iftex/ifluatex.sty
Package: ifluatex 2019/10/25 v1.5 ifluatex legacy package. Use iftex instead.
))
\c@theorem=\count342
\c@exercise=\count343
\c@algorithmctr=\count344
 (./main.aux
(./front/introduction.aux) (./front/preface.aux)
(./chapters/ch00-structure-from-constraint.aux)
(./chapters/ch01-similarity-ratios.aux)
(./chapters/ch02-coordinates-vectors.aux) (./chapters/ch03-right-triangle.aux)
(./chapters/ch04-unit-circle.aux) (./chapters/ch05-circular-motion.aux)
(./chapters/ch06-graphs.aux) (./chapters/ch07-inverse-functions.aux)
(./chapters/ch08-rotation-geometry.aux) (./chapters/ch09-identities.aux)
(./chapters/ch10-multiple-angle-product.aux) (./chapters/ch11-equations.aux)
(./chapters/ch12-laws-sines-cosines.aux)
(./chapters/ch13-vectors-dot-products.aux)
(./chapters/ch14-polar-coordinates.aux) (./chapters/ch15-amplitwists.aux)
(./chapters/ch16-complex-euler.aux) (./chapters/ch17-calculus-connections.aux)
(./chapters/ch18-sequences-series.aux) (./chapters/ch19-fourier-intuition.aux)
(./chapters/ch20-projection-interpretation.aux) (./back/appendix-algebra.aux)
(./back/appendix-identity-table.aux) (./back/appendix-answers.aux))
\openout1 = main.aux

LaTeX Font Info:    Checking defaults for OML/cmm/m/it on input line 169.
LaTeX Font Info:    ... okay on input line 169.
LaTeX Font Info:    Checking defaults for OMS/cmsy/m/n on input line 169.
LaTeX Font Info:    ... okay on input line 169.
LaTeX Font Info:    Checking defaults for OT1/cmr/m/n on input line 169.
LaTeX Font Info:    ... okay on input line 169.
LaTeX Font Info:    Checking defaults for T1/cmr/m/n on input line 169.
LaTeX Font Info:    ... okay on input line 169.
LaTeX Font Info:    Checking defaults for TS1/cmr/m/n on input line 169.
LaTeX Font Info:    ... okay on input line 169.
LaTeX Font Info:    Checking defaults for TU/lmr/m/n on input line 169.
LaTeX Font Info:    ... okay on input line 169.
LaTeX Font Info:    Checking defaults for OMX/cmex/m/n on input line 169.
LaTeX Font Info:    ... okay on input line 169.
LaTeX Font Info:    Checking defaults for U/cmr/m/n on input line 169.
LaTeX Font Info:    ... okay on input line 169.
LaTeX Font Info:    Checking defaults for PD1/pdf/m/n on input line 169.
LaTeX Font Info:    ... okay on input line 169.
LaTeX Font Info:    Checking defaults for PU/pdf/m/n on input line 169.
LaTeX Font Info:    ... okay on input line 169.
LaTeX Font Info:    Overwriting math alphabet `\mathsf' in version `normal'
(Font)                  OT1/cmss/m/n --> TU/lmss/m/n on input line 169.
LaTeX Font Info:    Overwriting math alphabet `\mathsf' in version `bold'
(Font)                  OT1/cmss/bx/n --> TU/lmss/b/n on input line 169.
LaTeX Font Info:    Overwriting math alphabet `\mathtt' in version `normal'
(Font)                  OT1/cmtt/m/n --> TU/lmtt/m/n on input line 169.
LaTeX Font Info:    Overwriting math alphabet `\mathtt' in version `bold'
(Font)                  OT1/cmtt/m/n --> TU/lmtt/b/n on input line 169.


Package unicode-math Warning: Using \overbracket and \underbracket from
(unicode-math)                `mathtools' package.
(unicode-math)                 
(unicode-math)                 Use \Uoverbracket and \Uunderbracket for
(unicode-math)                original `unicode-math' definition.


Package unicode-math Warning: I'm going to overwrite the following commands
(unicode-math)                from the `mathtools' package: 
(unicode-math)                 
(unicode-math)                     \dblcolon, \coloneqq, \Coloneqq, \eqqcolon.
(unicode-math)                
(unicode-math)                 
(unicode-math)                 Note that since I won't overwrite the other
(unicode-math)                colon-like commands, using them will lead to
(unicode-math)                inconsistencies.

*geometry* driver: auto-detecting
*geometry* detected driver: luatex
*geometry* verbose mode - [ preamble ] result:
* driver: luatex
* paper: a4paper
* layout: <same size as paper>
* layoutoffset:(h,v)=(0.0pt,0.0pt)
* modes: twoside 
* h-part:(L,W,R)=(72.26999pt, 452.9679pt, 72.26999pt)
* v-part:(T,H,B)=(72.26999pt, 700.50687pt, 72.26999pt)
* \paperwidth=597.50787pt
* \paperheight=845.04684pt
* \textwidth=452.9679pt
* \textheight=700.50687pt
* \oddsidemargin=0.0pt
* \evensidemargin=0.0pt
* \topmargin=-31.8738pt
* \headheight=12.0pt
* \headsep=19.8738pt
* \topskip=11.0pt
* \footskip=27.46295pt
* \marginparwidth=42.67912pt
* \marginparsep=7.0pt
* \columnsep=10.0pt
* \skip\footins=10.0pt plus 4.0pt minus 2.0pt
* \hoffset=0.0pt
* \voffset=0.0pt
* \mag=1000
* \@twocolumnfalse
* \@twosidetrue
* \@mparswitchtrue
* \@reversemarginfalse
* (1in=72.27pt=25.4mm, 1cm=28.453pt)

(/usr/share/texlive/texmf-dist/tex/context/base/mkii/supp-pdf.mkii
[Loading MPS to PDF converter (version 2006.09.02).]
\scratchcounter=\count345
\scratchdimen=\dimen319
\scratchbox=\box81
\nofMPsegments=\count346
\nofMParguments=\count347
\everyMPshowfont=\toks53
\MPscratchCnt=\count348
\MPscratchDim=\dimen320
\MPnumerator=\count349
\makeMPintoPDFobject=\count350
\everyMPtoPDFconversion=\toks54
) (/usr/share/texlive/texmf-dist/tex/latex/epstopdf-pkg/epstopdf-base.sty
Package: epstopdf-base 2020-01-24 v2.11 Base part for package epstopdf
Package epstopdf-base Info: Redefining graphics rule for `.eps' on input line 4
85.

(/usr/share/texlive/texmf-dist/tex/latex/latexconfig/epstopdf-sys.cfg
File: epstopdf-sys.cfg 2010/07/13 v1.3 Configuration of (r)epstopdf for TeX Liv
e
))
Package pgfplots notification 'compat/show suggested version=true': document ha
s been generated with the most recent feature set (\pgfplotsset{compat=1.18}).

Package hyperref Info: Link coloring OFF on input line 169.
(./main.out) (./main.out)
\@outlinefile=\write4

\openout4 = main.out
LaTeX Font Info:    Trying to load font information for U+msa on input line 173
.

(/usr/share/texlive/texmf-dist/tex/latex/amsfonts/umsa.fd
File: umsa.fd 2013/01/14 v3.01 AMS symbols A
)
LaTeX Font Info:    Trying to load font information for U+msb on input line 173
.

(/usr/share/texlive/texmf-dist/tex/latex/amsfonts/umsb.fd
File: umsb.fd 2013/01/14 v3.01 AMS symbols B
) [1



{/var/lib/texmf/fonts/map/pdftex/updmap/pdftex.map}]
\openout2 = front/introduction.aux
 (./front/introduction.tex

Package fancyhdr Warning: \headheight is too small (12.0pt): 
(fancyhdr)                Make it at least 13.59999pt, for example:
(fancyhdr)                \setlength{\headheight}{13.59999pt}.
(fancyhdr)                You might also make \topmargin smaller to compensate:

(fancyhdr)                \addtolength{\topmargin}{-1.59999pt}.

[2


]
Overfull \hbox (40.16203pt too wide) in paragraph at lines 1--1
|\TU/TeXGyrePagella(0)/b/n/24.88 In-tro-duc-tion: On the Teach-ing of Trigonom-
 []

) [3]
\openout2 = front/preface.aux
 (./front/preface.tex

Package fancyhdr Warning: \headheight is too small (12.0pt): 
(fancyhdr)                Make it at least 13.59999pt, for example:
(fancyhdr)                \setlength{\headheight}{13.59999pt}.
(fancyhdr)                You might also make \topmargin smaller to compensate:

(fancyhdr)                \addtolength{\topmargin}{-1.59999pt}.

[4




]) [5]

Package fancyhdr Warning: \headheight is too small (12.0pt): 
(fancyhdr)                Make it at least 13.59999pt, for example:
(fancyhdr)                \setlength{\headheight}{13.59999pt}.
(fancyhdr)                You might also make \topmargin smaller to compensate:

(fancyhdr)                \addtolength{\topmargin}{-1.59999pt}.

[6



] (./main.toc [7]

Package fancyhdr Warning: \headheight is too small (12.0pt): 
(fancyhdr)                Make it at least 13.59999pt, for example:
(fancyhdr)                \setlength{\headheight}{13.59999pt}.
(fancyhdr)                You might also make \topmargin smaller to compensate:

(fancyhdr)                \addtolength{\topmargin}{-1.59999pt}.

[8]

Package fancyhdr Warning: \headheight is too small (12.0pt): 
(fancyhdr)                Make it at least 13.59999pt, for example:
(fancyhdr)                \setlength{\headheight}{13.59999pt}.
(fancyhdr)                You might also make \topmargin smaller to compensate:

(fancyhdr)                \addtolength{\topmargin}{-1.59999pt}.

[9]

Package fancyhdr Warning: \headheight is too small (12.0pt): 
(fancyhdr)                Make it at least 13.59999pt, for example:
(fancyhdr)                \setlength{\headheight}{13.59999pt}.
(fancyhdr)                You might also make \topmargin smaller to compensate:

(fancyhdr)                \addtolength{\topmargin}{-1.59999pt}.

[10]

Package fancyhdr Warning: \headheight is too small (12.0pt): 
(fancyhdr)                Make it at least 13.59999pt, for example:
(fancyhdr)                \setlength{\headheight}{13.59999pt}.
(fancyhdr)                You might also make \topmargin smaller to compensate:

(fancyhdr)                \addtolength{\topmargin}{-1.59999pt}.

[11]

Package fancyhdr Warning: \headheight is too small (12.0pt): 
(fancyhdr)                Make it at least 13.59999pt, for example:
(fancyhdr)                \setlength{\headheight}{13.59999pt}.
(fancyhdr)                You might also make \topmargin smaller to compensate:

(fancyhdr)                \addtolength{\topmargin}{-1.59999pt}.

[12])
\tf@toc=\write5

\openout5 = main.toc


Package fancyhdr Warning: \headheight is too small (12.0pt): 
(fancyhdr)                Make it at least 13.59999pt, for example:
(fancyhdr)                \setlength{\headheight}{13.59999pt}.
(fancyhdr)                You might also make \topmargin smaller to compensate:

(fancyhdr)                \addtolength{\topmargin}{-1.59999pt}.

[13]

Package fancyhdr Warning: \headheight is too small (12.0pt): 
(fancyhdr)                Make it at least 13.59999pt, for example:
(fancyhdr)                \setlength{\headheight}{13.59999pt}.
(fancyhdr)                You might also make \topmargin smaller to compensate:

(fancyhdr)                \addtolength{\topmargin}{-1.59999pt}.

[14

]
\openout2 = chapters/ch00-structure-from-constraint.aux
 (./chapters/ch00-structure-from-constraint.tex
Chapter 0.
[1


]

Package fancyhdr Warning: \headheight is too small (12.0pt): 
(fancyhdr)                Make it at least 13.59999pt, for example:
(fancyhdr)                \setlength{\headheight}{13.59999pt}.
(fancyhdr)                You might also make \topmargin smaller to compensate:

(fancyhdr)                \addtolength{\topmargin}{-1.59999pt}.

[2])

Package fancyhdr Warning: \headheight is too small (12.0pt): 
(fancyhdr)                Make it at least 13.59999pt, for example:
(fancyhdr)                \setlength{\headheight}{13.59999pt}.
(fancyhdr)                You might also make \topmargin smaller to compensate:

(fancyhdr)                \addtolength{\topmargin}{-1.59999pt}.

[3]

Package fancyhdr Warning: \headheight is too small (12.0pt): 
(fancyhdr)                Make it at least 13.59999pt, for example:
(fancyhdr)                \setlength{\headheight}{13.59999pt}.
(fancyhdr)                You might also make \topmargin smaller to compensate:

(fancyhdr)                \addtolength{\topmargin}{-1.59999pt}.

[4



] [5] [6]
\openout2 = chapters/ch01-similarity-ratios.aux
 (./chapters/ch01-similarity-ratios.tex
Chapter 1.
[7


]

Package fancyhdr Warning: \headheight is too small (12.0pt): 
(fancyhdr)                Make it at least 13.59999pt, for example:
(fancyhdr)                \setlength{\headheight}{13.59999pt}.
(fancyhdr)                You might also make \topmargin smaller to compensate:

(fancyhdr)                \addtolength{\topmargin}{-1.59999pt}.

[8]

Package fancyhdr Warning: \headheight is too small (12.0pt): 
(fancyhdr)                Make it at least 13.59999pt, for example:
(fancyhdr)                \setlength{\headheight}{13.59999pt}.
(fancyhdr)                You might also make \topmargin smaller to compensate:

(fancyhdr)                \addtolength{\topmargin}{-1.59999pt}.

[9])

Package fancyhdr Warning: \headheight is too small (12.0pt): 
(fancyhdr)                Make it at least 13.59999pt, for example:
(fancyhdr)                \setlength{\headheight}{13.59999pt}.
(fancyhdr)                You might also make \topmargin smaller to compensate:

(fancyhdr)                \addtolength{\topmargin}{-1.59999pt}.

[10]
\openout2 = chapters/ch02-coordinates-vectors.aux
 (./chapters/ch02-coordinates-vectors.tex
Chapter 2.
[11




]

Package fancyhdr Warning: \headheight is too small (12.0pt): 
(fancyhdr)                Make it at least 13.59999pt, for example:
(fancyhdr)                \setlength{\headheight}{13.59999pt}.
(fancyhdr)                You might also make \topmargin smaller to compensate:

(fancyhdr)                \addtolength{\topmargin}{-1.59999pt}.

[12]

Package fancyhdr Warning: \headheight is too small (12.0pt): 
(fancyhdr)                Make it at least 13.59999pt, for example:
(fancyhdr)                \setlength{\headheight}{13.59999pt}.
(fancyhdr)                You might also make \topmargin smaller to compensate:

(fancyhdr)                \addtolength{\topmargin}{-1.59999pt}.

[13])

Package fancyhdr Warning: \headheight is too small (12.0pt): 
(fancyhdr)                Make it at least 13.59999pt, for example:
(fancyhdr)                \setlength{\headheight}{13.59999pt}.
(fancyhdr)                You might also make \topmargin smaller to compensate:

(fancyhdr)                \addtolength{\topmargin}{-1.59999pt}.

[14]
\openout2 = chapters/ch03-right-triangle.aux
 (./chapters/ch03-right-triangle.tex
Chapter 3.
[15




]

Package fancyhdr Warning: \headheight is too small (12.0pt): 
(fancyhdr)                Make it at least 13.59999pt, for example:
(fancyhdr)                \setlength{\headheight}{13.59999pt}.
(fancyhdr)                You might also make \topmargin smaller to compensate:

(fancyhdr)                \addtolength{\topmargin}{-1.59999pt}.

[16]

Package fancyhdr Warning: \headheight is too small (12.0pt): 
(fancyhdr)                Make it at least 13.59999pt, for example:
(fancyhdr)                \setlength{\headheight}{13.59999pt}.
(fancyhdr)                You might also make \topmargin smaller to compensate:

(fancyhdr)                \addtolength{\topmargin}{-1.59999pt}.

[17]

Package fancyhdr Warning: \headheight is too small (12.0pt): 
(fancyhdr)                Make it at least 13.59999pt, for example:
(fancyhdr)                \setlength{\headheight}{13.59999pt}.
(fancyhdr)                You might also make \topmargin smaller to compensate:

(fancyhdr)                \addtolength{\topmargin}{-1.59999pt}.

[18])

Package fancyhdr Warning: \headheight is too small (12.0pt): 
(fancyhdr)                Make it at least 13.59999pt, for example:
(fancyhdr)                \setlength{\headheight}{13.59999pt}.
(fancyhdr)                You might also make \topmargin smaller to compensate:

(fancyhdr)                \addtolength{\topmargin}{-1.59999pt}.

[19]

Package fancyhdr Warning: \headheight is too small (12.0pt): 
(fancyhdr)                Make it at least 13.59999pt, for example:
(fancyhdr)                \setlength{\headheight}{13.59999pt}.
(fancyhdr)                You might also make \topmargin smaller to compensate:

(fancyhdr)                \addtolength{\topmargin}{-1.59999pt}.

[20



] [21] [22]
\openout2 = chapters/ch04-unit-circle.aux
 (./chapters/ch04-unit-circle.tex
Chapter 4.
[23


]

Package fancyhdr Warning: \headheight is too small (12.0pt): 
(fancyhdr)                Make it at least 13.59999pt, for example:
(fancyhdr)                \setlength{\headheight}{13.59999pt}.
(fancyhdr)                You might also make \topmargin smaller to compensate:

(fancyhdr)                \addtolength{\topmargin}{-1.59999pt}.

[24]

Package fancyhdr Warning: \headheight is too small (12.0pt): 
(fancyhdr)                Make it at least 13.59999pt, for example:
(fancyhdr)                \setlength{\headheight}{13.59999pt}.
(fancyhdr)                You might also make \topmargin smaller to compensate:

(fancyhdr)                \addtolength{\topmargin}{-1.59999pt}.

[25]

Package fancyhdr Warning: \headheight is too small (12.0pt): 
(fancyhdr)                Make it at least 13.59999pt, for example:
(fancyhdr)                \setlength{\headheight}{13.59999pt}.
(fancyhdr)                You might also make \topmargin smaller to compensate:

(fancyhdr)                \addtolength{\topmargin}{-1.59999pt}.

[26])

Package fancyhdr Warning: \headheight is too small (12.0pt): 
(fancyhdr)                Make it at least 13.59999pt, for example:
(fancyhdr)                \setlength{\headheight}{13.59999pt}.
(fancyhdr)                You might also make \topmargin smaller to compensate:

(fancyhdr)                \addtolength{\topmargin}{-1.59999pt}.

[27]
\openout2 = chapters/ch05-circular-motion.aux
 (./chapters/ch05-circular-motion.tex

Package fancyhdr Warning: \headheight is too small (12.0pt): 
(fancyhdr)                Make it at least 13.59999pt, for example:
(fancyhdr)                \setlength{\headheight}{13.59999pt}.
(fancyhdr)                You might also make \topmargin smaller to compensate:

(fancyhdr)                \addtolength{\topmargin}{-1.59999pt}.

[28




]
Chapter 5.

Overfull \hbox (4.11916pt too wide) in paragraph at lines 1--1
|\TU/TeXGyrePagella(0)/b/n/24.88 Cir-cu-lar Mo-tion and Con-tin-u-ous Change| 
 []

[29]

Package fancyhdr Warning: \headheight is too small (12.0pt): 
(fancyhdr)                Make it at least 13.59999pt, for example:
(fancyhdr)                \setlength{\headheight}{13.59999pt}.
(fancyhdr)                You might also make \topmargin smaller to compensate:

(fancyhdr)                \addtolength{\topmargin}{-1.59999pt}.

[30]

Package fancyhdr Warning: \headheight is too small (12.0pt): 
(fancyhdr)                Make it at least 13.59999pt, for example:
(fancyhdr)                \setlength{\headheight}{13.59999pt}.
(fancyhdr)                You might also make \topmargin smaller to compensate:

(fancyhdr)                \addtolength{\topmargin}{-1.59999pt}.

[31])

Package fancyhdr Warning: \headheight is too small (12.0pt): 
(fancyhdr)                Make it at least 13.59999pt, for example:
(fancyhdr)                \setlength{\headheight}{13.59999pt}.
(fancyhdr)                You might also make \topmargin smaller to compensate:

(fancyhdr)                \addtolength{\topmargin}{-1.59999pt}.

[32]
\openout2 = chapters/ch06-graphs.aux
 (./chapters/ch06-graphs.tex
Chapter 6.
[33




]

Package fancyhdr Warning: \headheight is too small (12.0pt): 
(fancyhdr)                Make it at least 13.59999pt, for example:
(fancyhdr)                \setlength{\headheight}{13.59999pt}.
(fancyhdr)                You might also make \topmargin smaller to compensate:

(fancyhdr)                \addtolength{\topmargin}{-1.59999pt}.

[34]
Underfull \hbox (badness 1454) in paragraph at lines 199--202
\TU/TeXGyrePagella(0)/b/n/10.95 Ex-er-cise 6.1.  \TU/TeXGyrePagella(0)/m/n/10.9
5 State the am-pli-tude, pe-riod, phase shift, and ver-ti-cal shift of $\TU/TeX
GyrePagellaMath(1)/m/n/10.95 𝑦 =
 []


Package fancyhdr Warning: \headheight is too small (12.0pt): 
(fancyhdr)                Make it at least 13.59999pt, for example:
(fancyhdr)                \setlength{\headheight}{13.59999pt}.
(fancyhdr)                You might also make \topmargin smaller to compensate:

(fancyhdr)                \addtolength{\topmargin}{-1.59999pt}.

[35])

Package fancyhdr Warning: \headheight is too small (12.0pt): 
(fancyhdr)                Make it at least 13.59999pt, for example:
(fancyhdr)                \setlength{\headheight}{13.59999pt}.
(fancyhdr)                You might also make \topmargin smaller to compensate:

(fancyhdr)                \addtolength{\topmargin}{-1.59999pt}.

[36]
\openout2 = chapters/ch07-inverse-functions.aux
 (./chapters/ch07-inverse-functions.tex
Chapter 7.
[37




]

Package fancyhdr Warning: \headheight is too small (12.0pt): 
(fancyhdr)                Make it at least 13.59999pt, for example:
(fancyhdr)                \setlength{\headheight}{13.59999pt}.
(fancyhdr)                You might also make \topmargin smaller to compensate:

(fancyhdr)                \addtolength{\topmargin}{-1.59999pt}.

[38]

Package fancyhdr Warning: \headheight is too small (12.0pt): 
(fancyhdr)                Make it at least 13.59999pt, for example:
(fancyhdr)                \setlength{\headheight}{13.59999pt}.
(fancyhdr)                You might also make \topmargin smaller to compensate:

(fancyhdr)                \addtolength{\topmargin}{-1.59999pt}.

[39])

Package fancyhdr Warning: \headheight is too small (12.0pt): 
(fancyhdr)                Make it at least 13.59999pt, for example:
(fancyhdr)                \setlength{\headheight}{13.59999pt}.
(fancyhdr)                You might also make \topmargin smaller to compensate:

(fancyhdr)                \addtolength{\topmargin}{-1.59999pt}.

[40] [41



] [42]
\openout2 = chapters/ch08-rotation-geometry.aux
 (./chapters/ch08-rotation-geometry.tex
Chapter 8.
[43


]

Package fancyhdr Warning: \headheight is too small (12.0pt): 
(fancyhdr)                Make it at least 13.59999pt, for example:
(fancyhdr)                \setlength{\headheight}{13.59999pt}.
(fancyhdr)                You might also make \topmargin smaller to compensate:

(fancyhdr)                \addtolength{\topmargin}{-1.59999pt}.

[44]

Package fancyhdr Warning: \headheight is too small (12.0pt): 
(fancyhdr)                Make it at least 13.59999pt, for example:
(fancyhdr)                \setlength{\headheight}{13.59999pt}.
(fancyhdr)                You might also make \topmargin smaller to compensate:

(fancyhdr)                \addtolength{\topmargin}{-1.59999pt}.

[45])

Package fancyhdr Warning: \headheight is too small (12.0pt): 
(fancyhdr)                Make it at least 13.59999pt, for example:
(fancyhdr)                \setlength{\headheight}{13.59999pt}.
(fancyhdr)                You might also make \topmargin smaller to compensate:

(fancyhdr)                \addtolength{\topmargin}{-1.59999pt}.

[46]
\openout2 = chapters/ch09-identities.aux
 (./chapters/ch09-identities.tex
Chapter 9.
[47




]

Package fancyhdr Warning: \headheight is too small (12.0pt): 
(fancyhdr)                Make it at least 13.59999pt, for example:
(fancyhdr)                \setlength{\headheight}{13.59999pt}.
(fancyhdr)                You might also make \topmargin smaller to compensate:

(fancyhdr)                \addtolength{\topmargin}{-1.59999pt}.

[48]

Package fancyhdr Warning: \headheight is too small (12.0pt): 
(fancyhdr)                Make it at least 13.59999pt, for example:
(fancyhdr)                \setlength{\headheight}{13.59999pt}.
(fancyhdr)                You might also make \topmargin smaller to compensate:

(fancyhdr)                \addtolength{\topmargin}{-1.59999pt}.

[49]

Package fancyhdr Warning: \headheight is too small (12.0pt): 
(fancyhdr)                Make it at least 13.59999pt, for example:
(fancyhdr)                \setlength{\headheight}{13.59999pt}.
(fancyhdr)                You might also make \topmargin smaller to compensate:

(fancyhdr)                \addtolength{\topmargin}{-1.59999pt}.

[50])

Package fancyhdr Warning: \headheight is too small (12.0pt): 
(fancyhdr)                Make it at least 13.59999pt, for example:
(fancyhdr)                \setlength{\headheight}{13.59999pt}.
(fancyhdr)                You might also make \topmargin smaller to compensate:

(fancyhdr)                \addtolength{\topmargin}{-1.59999pt}.

[51]
\openout2 = chapters/ch10-multiple-angle-product.aux
 (./chapters/ch10-multiple-angle-product.tex

Package fancyhdr Warning: \headheight is too small (12.0pt): 
(fancyhdr)                Make it at least 13.59999pt, for example:
(fancyhdr)                \setlength{\headheight}{13.59999pt}.
(fancyhdr)                You might also make \topmargin smaller to compensate:

(fancyhdr)                \addtolength{\topmargin}{-1.59999pt}.

[52




]
Chapter 10.

Overfull \hbox (9.26321pt too wide) in paragraph at lines 40--44
\TU/TeXGyrePagella(0)/m/n/10.95 when-ever the de-nom-i-na-tor is nonzero. None 
of these three for-mu-las is a new fact about trigonom-
 []

[53]

Package fancyhdr Warning: \headheight is too small (12.0pt): 
(fancyhdr)                Make it at least 13.59999pt, for example:
(fancyhdr)                \setlength{\headheight}{13.59999pt}.
(fancyhdr)                You might also make \topmargin smaller to compensate:

(fancyhdr)                \addtolength{\topmargin}{-1.59999pt}.

[54]

Package fancyhdr Warning: \headheight is too small (12.0pt): 
(fancyhdr)                Make it at least 13.59999pt, for example:
(fancyhdr)                \setlength{\headheight}{13.59999pt}.
(fancyhdr)                You might also make \topmargin smaller to compensate:

(fancyhdr)                \addtolength{\topmargin}{-1.59999pt}.

[55]

Package fancyhdr Warning: \headheight is too small (12.0pt): 
(fancyhdr)                Make it at least 13.59999pt, for example:
(fancyhdr)                \setlength{\headheight}{13.59999pt}.
(fancyhdr)                You might also make \topmargin smaller to compensate:

(fancyhdr)                \addtolength{\topmargin}{-1.59999pt}.

[56])

Package fancyhdr Warning: \headheight is too small (12.0pt): 
(fancyhdr)                Make it at least 13.59999pt, for example:
(fancyhdr)                \setlength{\headheight}{13.59999pt}.
(fancyhdr)                You might also make \topmargin smaller to compensate:

(fancyhdr)                \addtolength{\topmargin}{-1.59999pt}.

[57]
\openout2 = chapters/ch11-equations.aux
 (./chapters/ch11-equations.tex

Package fancyhdr Warning: \headheight is too small (12.0pt): 
(fancyhdr)                Make it at least 13.59999pt, for example:
(fancyhdr)                \setlength{\headheight}{13.59999pt}.
(fancyhdr)                You might also make \topmargin smaller to compensate:

(fancyhdr)                \addtolength{\topmargin}{-1.59999pt}.

[58




]
Chapter 11.
[59]

Package fancyhdr Warning: \headheight is too small (12.0pt): 
(fancyhdr)                Make it at least 13.59999pt, for example:
(fancyhdr)                \setlength{\headheight}{13.59999pt}.
(fancyhdr)                You might also make \topmargin smaller to compensate:

(fancyhdr)                \addtolength{\topmargin}{-1.59999pt}.

[60]

Package fancyhdr Warning: \headheight is too small (12.0pt): 
(fancyhdr)                Make it at least 13.59999pt, for example:
(fancyhdr)                \setlength{\headheight}{13.59999pt}.
(fancyhdr)                You might also make \topmargin smaller to compensate:

(fancyhdr)                \addtolength{\topmargin}{-1.59999pt}.

[61]

Package fancyhdr Warning: \headheight is too small (12.0pt): 
(fancyhdr)                Make it at least 13.59999pt, for example:
(fancyhdr)                \setlength{\headheight}{13.59999pt}.
(fancyhdr)                You might also make \topmargin smaller to compensate:

(fancyhdr)                \addtolength{\topmargin}{-1.59999pt}.

[62]

Package fancyhdr Warning: \headheight is too small (12.0pt): 
(fancyhdr)                Make it at least 13.59999pt, for example:
(fancyhdr)                \setlength{\headheight}{13.59999pt}.
(fancyhdr)                You might also make \topmargin smaller to compensate:

(fancyhdr)                \addtolength{\topmargin}{-1.59999pt}.

[63])

Package fancyhdr Warning: \headheight is too small (12.0pt): 
(fancyhdr)                Make it at least 13.59999pt, for example:
(fancyhdr)                \setlength{\headheight}{13.59999pt}.
(fancyhdr)                You might also make \topmargin smaller to compensate:

(fancyhdr)                \addtolength{\topmargin}{-1.59999pt}.

[64] [65



] [66]
\openout2 = chapters/ch12-laws-sines-cosines.aux
 (./chapters/ch12-laws-sines-cosines.tex
Chapter 12.
[67


]

Package fancyhdr Warning: \headheight is too small (12.0pt): 
(fancyhdr)                Make it at least 13.59999pt, for example:
(fancyhdr)                \setlength{\headheight}{13.59999pt}.
(fancyhdr)                You might also make \topmargin smaller to compensate:

(fancyhdr)                \addtolength{\topmargin}{-1.59999pt}.

[68]

Package fancyhdr Warning: \headheight is too small (12.0pt): 
(fancyhdr)                Make it at least 13.59999pt, for example:
(fancyhdr)                \setlength{\headheight}{13.59999pt}.
(fancyhdr)                You might also make \topmargin smaller to compensate:

(fancyhdr)                \addtolength{\topmargin}{-1.59999pt}.

[69]

Package fancyhdr Warning: \headheight is too small (12.0pt): 
(fancyhdr)                Make it at least 13.59999pt, for example:
(fancyhdr)                \setlength{\headheight}{13.59999pt}.
(fancyhdr)                You might also make \topmargin smaller to compensate:

(fancyhdr)                \addtolength{\topmargin}{-1.59999pt}.

[70]

Package fancyhdr Warning: \headheight is too small (12.0pt): 
(fancyhdr)                Make it at least 13.59999pt, for example:
(fancyhdr)                \setlength{\headheight}{13.59999pt}.
(fancyhdr)                You might also make \topmargin smaller to compensate:

(fancyhdr)                \addtolength{\topmargin}{-1.59999pt}.

[71]

Package fancyhdr Warning: \headheight is too small (12.0pt): 
(fancyhdr)                Make it at least 13.59999pt, for example:
(fancyhdr)                \setlength{\headheight}{13.59999pt}.
(fancyhdr)                You might also make \topmargin smaller to compensate:

(fancyhdr)                \addtolength{\topmargin}{-1.59999pt}.

[72])

Package fancyhdr Warning: \headheight is too small (12.0pt): 
(fancyhdr)                Make it at least 13.59999pt, for example:
(fancyhdr)                \setlength{\headheight}{13.59999pt}.
(fancyhdr)                You might also make \topmargin smaller to compensate:

(fancyhdr)                \addtolength{\topmargin}{-1.59999pt}.

[73]
\openout2 = chapters/ch13-vectors-dot-products.aux
 (./chapters/ch13-vectors-dot-products.tex

Package fancyhdr Warning: \headheight is too small (12.0pt): 
(fancyhdr)                Make it at least 13.59999pt, for example:
(fancyhdr)                \setlength{\headheight}{13.59999pt}.
(fancyhdr)                You might also make \topmargin smaller to compensate:

(fancyhdr)                \addtolength{\topmargin}{-1.59999pt}.

[74




]
Chapter 13.
[75]

Package fancyhdr Warning: \headheight is too small (12.0pt): 
(fancyhdr)                Make it at least 13.59999pt, for example:
(fancyhdr)                \setlength{\headheight}{13.59999pt}.
(fancyhdr)                You might also make \topmargin smaller to compensate:

(fancyhdr)                \addtolength{\topmargin}{-1.59999pt}.

[76]

Package fancyhdr Warning: \headheight is too small (12.0pt): 
(fancyhdr)                Make it at least 13.59999pt, for example:
(fancyhdr)                \setlength{\headheight}{13.59999pt}.
(fancyhdr)                You might also make \topmargin smaller to compensate:

(fancyhdr)                \addtolength{\topmargin}{-1.59999pt}.

[77]

Package fancyhdr Warning: \headheight is too small (12.0pt): 
(fancyhdr)                Make it at least 13.59999pt, for example:
(fancyhdr)                \setlength{\headheight}{13.59999pt}.
(fancyhdr)                You might also make \topmargin smaller to compensate:

(fancyhdr)                \addtolength{\topmargin}{-1.59999pt}.

[78]

Package fancyhdr Warning: \headheight is too small (12.0pt): 
(fancyhdr)                Make it at least 13.59999pt, for example:
(fancyhdr)                \setlength{\headheight}{13.59999pt}.
(fancyhdr)                You might also make \topmargin smaller to compensate:

(fancyhdr)                \addtolength{\topmargin}{-1.59999pt}.

[79]

Package fancyhdr Warning: \headheight is too small (12.0pt): 
(fancyhdr)                Make it at least 13.59999pt, for example:
(fancyhdr)                \setlength{\headheight}{13.59999pt}.
(fancyhdr)                You might also make \topmargin smaller to compensate:

(fancyhdr)                \addtolength{\topmargin}{-1.59999pt}.

[80]

Package fancyhdr Warning: \headheight is too small (12.0pt): 
(fancyhdr)                Make it at least 13.59999pt, for example:
(fancyhdr)                \setlength{\headheight}{13.59999pt}.
(fancyhdr)                You might also make \topmargin smaller to compensate:

(fancyhdr)                \addtolength{\topmargin}{-1.59999pt}.

[81]

Package fancyhdr Warning: \headheight is too small (12.0pt): 
(fancyhdr)                Make it at least 13.59999pt, for example:
(fancyhdr)                \setlength{\headheight}{13.59999pt}.
(fancyhdr)                You might also make \topmargin smaller to compensate:

(fancyhdr)                \addtolength{\topmargin}{-1.59999pt}.

[82]

Package fancyhdr Warning: \headheight is too small (12.0pt): 
(fancyhdr)                Make it at least 13.59999pt, for example:
(fancyhdr)                \setlength{\headheight}{13.59999pt}.
(fancyhdr)                You might also make \topmargin smaller to compensate:

(fancyhdr)                \addtolength{\topmargin}{-1.59999pt}.

[83]

Package fancyhdr Warning: \headheight is too small (12.0pt): 
(fancyhdr)                Make it at least 13.59999pt, for example:
(fancyhdr)                \setlength{\headheight}{13.59999pt}.
(fancyhdr)                You might also make \topmargin smaller to compensate:

(fancyhdr)                \addtolength{\topmargin}{-1.59999pt}.

[84]

Package fancyhdr Warning: \headheight is too small (12.0pt): 
(fancyhdr)                Make it at least 13.59999pt, for example:
(fancyhdr)                \setlength{\headheight}{13.59999pt}.
(fancyhdr)                You might also make \topmargin smaller to compensate:

(fancyhdr)                \addtolength{\topmargin}{-1.59999pt}.

[85]

Package fancyhdr Warning: \headheight is too small (12.0pt): 
(fancyhdr)                Make it at least 13.59999pt, for example:
(fancyhdr)                \setlength{\headheight}{13.59999pt}.
(fancyhdr)                You might also make \topmargin smaller to compensate:

(fancyhdr)                \addtolength{\topmargin}{-1.59999pt}.

[86])

Package fancyhdr Warning: \headheight is too small (12.0pt): 
(fancyhdr)                Make it at least 13.59999pt, for example:
(fancyhdr)                \setlength{\headheight}{13.59999pt}.
(fancyhdr)                You might also make \topmargin smaller to compensate:

(fancyhdr)                \addtolength{\topmargin}{-1.59999pt}.

[87]
\openout2 = chapters/ch14-polar-coordinates.aux
 (./chapters/ch14-polar-coordinates.tex

Package fancyhdr Warning: \headheight is too small (12.0pt): 
(fancyhdr)                Make it at least 13.59999pt, for example:
(fancyhdr)                \setlength{\headheight}{13.59999pt}.
(fancyhdr)                You might also make \topmargin smaller to compensate:

(fancyhdr)                \addtolength{\topmargin}{-1.59999pt}.

[88




]
Chapter 14.
[89]

Package fancyhdr Warning: \headheight is too small (12.0pt): 
(fancyhdr)                Make it at least 13.59999pt, for example:
(fancyhdr)                \setlength{\headheight}{13.59999pt}.
(fancyhdr)                You might also make \topmargin smaller to compensate:

(fancyhdr)                \addtolength{\topmargin}{-1.59999pt}.

[90]

Package fancyhdr Warning: \headheight is too small (12.0pt): 
(fancyhdr)                Make it at least 13.59999pt, for example:
(fancyhdr)                \setlength{\headheight}{13.59999pt}.
(fancyhdr)                You might also make \topmargin smaller to compensate:

(fancyhdr)                \addtolength{\topmargin}{-1.59999pt}.

[91]

Package fancyhdr Warning: \headheight is too small (12.0pt): 
(fancyhdr)                Make it at least 13.59999pt, for example:
(fancyhdr)                \setlength{\headheight}{13.59999pt}.
(fancyhdr)                You might also make \topmargin smaller to compensate:

(fancyhdr)                \addtolength{\topmargin}{-1.59999pt}.

[92]

Package fancyhdr Warning: \headheight is too small (12.0pt): 
(fancyhdr)                Make it at least 13.59999pt, for example:
(fancyhdr)                \setlength{\headheight}{13.59999pt}.
(fancyhdr)                You might also make \topmargin smaller to compensate:

(fancyhdr)                \addtolength{\topmargin}{-1.59999pt}.

[93]

Package fancyhdr Warning: \headheight is too small (12.0pt): 
(fancyhdr)                Make it at least 13.59999pt, for example:
(fancyhdr)                \setlength{\headheight}{13.59999pt}.
(fancyhdr)                You might also make \topmargin smaller to compensate:

(fancyhdr)                \addtolength{\topmargin}{-1.59999pt}.

[94]

Package fancyhdr Warning: \headheight is too small (12.0pt): 
(fancyhdr)                Make it at least 13.59999pt, for example:
(fancyhdr)                \setlength{\headheight}{13.59999pt}.
(fancyhdr)                You might also make \topmargin smaller to compensate:

(fancyhdr)                \addtolength{\topmargin}{-1.59999pt}.

[95]

Package fancyhdr Warning: \headheight is too small (12.0pt): 
(fancyhdr)                Make it at least 13.59999pt, for example:
(fancyhdr)                \setlength{\headheight}{13.59999pt}.
(fancyhdr)                You might also make \topmargin smaller to compensate:

(fancyhdr)                \addtolength{\topmargin}{-1.59999pt}.

[96])

Package fancyhdr Warning: \headheight is too small (12.0pt): 
(fancyhdr)                Make it at least 13.59999pt, for example:
(fancyhdr)                \setlength{\headheight}{13.59999pt}.
(fancyhdr)                You might also make \topmargin smaller to compensate:

(fancyhdr)                \addtolength{\topmargin}{-1.59999pt}.

[97]
\openout2 = chapters/ch15-amplitwists.aux
 (./chapters/ch15-amplitwists.tex

Package fancyhdr Warning: \headheight is too small (12.0pt): 
(fancyhdr)                Make it at least 13.59999pt, for example:
(fancyhdr)                \setlength{\headheight}{13.59999pt}.
(fancyhdr)                You might also make \topmargin smaller to compensate:

(fancyhdr)                \addtolength{\topmargin}{-1.59999pt}.

[98




]
Chapter 15.

Overfull \hbox (0.71059pt too wide) in paragraph at lines 1--1
|\TU/TeXGyrePagella(0)/b/n/24.88 Am-plitwists: Scal-ing and Ro-ta-tion Com-
 []

[99]
Overfull \hbox (15.3089pt too wide) in paragraph at lines 128--133
\TU/TeXGyrePagella(0)/m/n/10.95 ma-tri-ces, $\TU/TeXGyrePagellaMath(1)/m/n/10.9
5 𝐴[]𝐴[] = 𝑠[]𝑠[]𝑅(𝜃[])𝑅(𝜃[])$\TU/TeXGyrePagella(0)/m/n
/10.95 . By the ro-ta-tion com-po-si-tion the-o-rem of Chap-ter 8, $\TU/TeXGyre
PagellaMath(1)/m/n/10.95 𝑅(𝜃[])𝑅(𝜃[]) =
 []


Package fancyhdr Warning: \headheight is too small (12.0pt): 
(fancyhdr)                Make it at least 13.59999pt, for example:
(fancyhdr)                \setlength{\headheight}{13.59999pt}.
(fancyhdr)                You might also make \topmargin smaller to compensate:

(fancyhdr)                \addtolength{\topmargin}{-1.59999pt}.

[100]
Overfull \hbox (6.72252pt too wide) in paragraph at lines 164--170
\TU/TeXGyrePagella(0)/m/n/10.95 Ev-ery am-plitwist can be rep-re-sented by the 
or-dered pair $\TU/TeXGyrePagellaMath(1)/m/n/10.95 (𝑠, 𝜃)$\TU/TeXGyrePage
lla(0)/m/n/10.95 , and com-po-si-tion be-comes $\TU/TeXGyrePagellaMath(1)/m/n/1
0.95 (𝑠[], 𝜃[]) ∘
 []


Package fancyhdr Warning: \headheight is too small (12.0pt): 
(fancyhdr)                Make it at least 13.59999pt, for example:
(fancyhdr)                \setlength{\headheight}{13.59999pt}.
(fancyhdr)                You might also make \topmargin smaller to compensate:

(fancyhdr)                \addtolength{\topmargin}{-1.59999pt}.

[101]

Package fancyhdr Warning: \headheight is too small (12.0pt): 
(fancyhdr)                Make it at least 13.59999pt, for example:
(fancyhdr)                \setlength{\headheight}{13.59999pt}.
(fancyhdr)                You might also make \topmargin smaller to compensate:

(fancyhdr)                \addtolength{\topmargin}{-1.59999pt}.

[102]

Package fancyhdr Warning: \headheight is too small (12.0pt): 
(fancyhdr)                Make it at least 13.59999pt, for example:
(fancyhdr)                \setlength{\headheight}{13.59999pt}.
(fancyhdr)                You might also make \topmargin smaller to compensate:

(fancyhdr)                \addtolength{\topmargin}{-1.59999pt}.

[103])

Package fancyhdr Warning: \headheight is too small (12.0pt): 
(fancyhdr)                Make it at least 13.59999pt, for example:
(fancyhdr)                \setlength{\headheight}{13.59999pt}.
(fancyhdr)                You might also make \topmargin smaller to compensate:

(fancyhdr)                \addtolength{\topmargin}{-1.59999pt}.

[104]
\openout2 = chapters/ch16-complex-euler.aux
 (./chapters/ch16-complex-euler.tex
Chapter 16.
[105




]

Package fancyhdr Warning: \headheight is too small (12.0pt): 
(fancyhdr)                Make it at least 13.59999pt, for example:
(fancyhdr)                \setlength{\headheight}{13.59999pt}.
(fancyhdr)                You might also make \topmargin smaller to compensate:

(fancyhdr)                \addtolength{\topmargin}{-1.59999pt}.

[106]

Package fancyhdr Warning: \headheight is too small (12.0pt): 
(fancyhdr)                Make it at least 13.59999pt, for example:
(fancyhdr)                \setlength{\headheight}{13.59999pt}.
(fancyhdr)                You might also make \topmargin smaller to compensate:

(fancyhdr)                \addtolength{\topmargin}{-1.59999pt}.

[107]

Package fancyhdr Warning: \headheight is too small (12.0pt): 
(fancyhdr)                Make it at least 13.59999pt, for example:
(fancyhdr)                \setlength{\headheight}{13.59999pt}.
(fancyhdr)                You might also make \topmargin smaller to compensate:

(fancyhdr)                \addtolength{\topmargin}{-1.59999pt}.

[108]

Package fancyhdr Warning: \headheight is too small (12.0pt): 
(fancyhdr)                Make it at least 13.59999pt, for example:
(fancyhdr)                \setlength{\headheight}{13.59999pt}.
(fancyhdr)                You might also make \topmargin smaller to compensate:

(fancyhdr)                \addtolength{\topmargin}{-1.59999pt}.

[109]

Package fancyhdr Warning: \headheight is too small (12.0pt): 
(fancyhdr)                Make it at least 13.59999pt, for example:
(fancyhdr)                \setlength{\headheight}{13.59999pt}.
(fancyhdr)                You might also make \topmargin smaller to compensate:

(fancyhdr)                \addtolength{\topmargin}{-1.59999pt}.

[110]

Package fancyhdr Warning: \headheight is too small (12.0pt): 
(fancyhdr)                Make it at least 13.59999pt, for example:
(fancyhdr)                \setlength{\headheight}{13.59999pt}.
(fancyhdr)                You might also make \topmargin smaller to compensate:

(fancyhdr)                \addtolength{\topmargin}{-1.59999pt}.

[111]

Package fancyhdr Warning: \headheight is too small (12.0pt): 
(fancyhdr)                Make it at least 13.59999pt, for example:
(fancyhdr)                \setlength{\headheight}{13.59999pt}.
(fancyhdr)                You might also make \topmargin smaller to compensate:

(fancyhdr)                \addtolength{\topmargin}{-1.59999pt}.

[112]

Package fancyhdr Warning: \headheight is too small (12.0pt): 
(fancyhdr)                Make it at least 13.59999pt, for example:
(fancyhdr)                \setlength{\headheight}{13.59999pt}.
(fancyhdr)                You might also make \topmargin smaller to compensate:

(fancyhdr)                \addtolength{\topmargin}{-1.59999pt}.

[113])

Package fancyhdr Warning: \headheight is too small (12.0pt): 
(fancyhdr)                Make it at least 13.59999pt, for example:
(fancyhdr)                \setlength{\headheight}{13.59999pt}.
(fancyhdr)                You might also make \topmargin smaller to compensate:

(fancyhdr)                \addtolength{\topmargin}{-1.59999pt}.

[114] [115



] [116]
\openout2 = chapters/ch17-calculus-connections.aux
 (./chapters/ch17-calculus-connections.tex
Chapter 17.

Overfull \hbox (71.34496pt too wide) in paragraph at lines 1--1
|\TU/TeXGyrePagella(0)/b/n/24.88 Small-Angle Lim-its and Trigono-met-ric Deriva-

 []


Underfull \vbox (badness 5878) has occurred while \output is active []

 [117


]
Overfull \hbox (26.36948pt too wide) in paragraph at lines 89--93
\TU/TeXGyrePagella(0)/m/n/10.95 As $\TU/TeXGyrePagellaMath(1)/m/n/10.95 𝜃 
→ 0$\TU/TeXGyrePagella(0)/m/n/10.95 , $[] \TU/TeXGyrePagellaMath(1)/m/n/10.95
 𝜃 → 1$\TU/TeXGyrePagella(0)/m/n/10.95 , and the right-hand bound is al-rea
dy $\TU/TeXGyrePagellaMath(1)/m/n/10.95 1$\TU/TeXGyrePagella(0)/m/n/10.95 ; by 
the Squeeze The-o-rem, $[][] [] \TU/TeXGyrePagellaMath(1)/m/n/10.95 𝜃/𝜃 =
 []


Package fancyhdr Warning: \headheight is too small (12.0pt): 
(fancyhdr)                Make it at least 13.59999pt, for example:
(fancyhdr)                \setlength{\headheight}{13.59999pt}.
(fancyhdr)                You might also make \topmargin smaller to compensate:

(fancyhdr)                \addtolength{\topmargin}{-1.59999pt}.

[118]

Package fancyhdr Warning: \headheight is too small (12.0pt): 
(fancyhdr)                Make it at least 13.59999pt, for example:
(fancyhdr)                \setlength{\headheight}{13.59999pt}.
(fancyhdr)                You might also make \topmargin smaller to compensate:

(fancyhdr)                \addtolength{\topmargin}{-1.59999pt}.

[119]

Package fancyhdr Warning: \headheight is too small (12.0pt): 
(fancyhdr)                Make it at least 13.59999pt, for example:
(fancyhdr)                \setlength{\headheight}{13.59999pt}.
(fancyhdr)                You might also make \topmargin smaller to compensate:

(fancyhdr)                \addtolength{\topmargin}{-1.59999pt}.

[120]

Package fancyhdr Warning: \headheight is too small (12.0pt): 
(fancyhdr)                Make it at least 13.59999pt, for example:
(fancyhdr)                \setlength{\headheight}{13.59999pt}.
(fancyhdr)                You might also make \topmargin smaller to compensate:

(fancyhdr)                \addtolength{\topmargin}{-1.59999pt}.

[121]

Package fancyhdr Warning: \headheight is too small (12.0pt): 
(fancyhdr)                Make it at least 13.59999pt, for example:
(fancyhdr)                \setlength{\headheight}{13.59999pt}.
(fancyhdr)                You might also make \topmargin smaller to compensate:

(fancyhdr)                \addtolength{\topmargin}{-1.59999pt}.

[122])

Package fancyhdr Warning: \headheight is too small (12.0pt): 
(fancyhdr)                Make it at least 13.59999pt, for example:
(fancyhdr)                \setlength{\headheight}{13.59999pt}.
(fancyhdr)                You might also make \topmargin smaller to compensate:

(fancyhdr)                \addtolength{\topmargin}{-1.59999pt}.

[123]
\openout2 = chapters/ch18-sequences-series.aux
 (./chapters/ch18-sequences-series.tex

Package fancyhdr Warning: \headheight is too small (12.0pt): 
(fancyhdr)                Make it at least 13.59999pt, for example:
(fancyhdr)                \setlength{\headheight}{13.59999pt}.
(fancyhdr)                You might also make \topmargin smaller to compensate:

(fancyhdr)                \addtolength{\topmargin}{-1.59999pt}.

[124




]
Chapter 18.

Overfull \hbox (12.47887pt too wide) in paragraph at lines 1--1
|\TU/TeXGyrePagella(0)/b/n/24.88 Arith-metic and Ge-o-met-ric Se-quences and
 []

[125]

Package fancyhdr Warning: \headheight is too small (12.0pt): 
(fancyhdr)                Make it at least 13.59999pt, for example:
(fancyhdr)                \setlength{\headheight}{13.59999pt}.
(fancyhdr)                You might also make \topmargin smaller to compensate:

(fancyhdr)                \addtolength{\topmargin}{-1.59999pt}.

[126]

Package fancyhdr Warning: \headheight is too small (12.0pt): 
(fancyhdr)                Make it at least 13.59999pt, for example:
(fancyhdr)                \setlength{\headheight}{13.59999pt}.
(fancyhdr)                You might also make \topmargin smaller to compensate:

(fancyhdr)                \addtolength{\topmargin}{-1.59999pt}.

[127]

Package fancyhdr Warning: \headheight is too small (12.0pt): 
(fancyhdr)                Make it at least 13.59999pt, for example:
(fancyhdr)                \setlength{\headheight}{13.59999pt}.
(fancyhdr)                You might also make \topmargin smaller to compensate:

(fancyhdr)                \addtolength{\topmargin}{-1.59999pt}.

[128]

Package fancyhdr Warning: \headheight is too small (12.0pt): 
(fancyhdr)                Make it at least 13.59999pt, for example:
(fancyhdr)                \setlength{\headheight}{13.59999pt}.
(fancyhdr)                You might also make \topmargin smaller to compensate:

(fancyhdr)                \addtolength{\topmargin}{-1.59999pt}.

[129])

Package fancyhdr Warning: \headheight is too small (12.0pt): 
(fancyhdr)                Make it at least 13.59999pt, for example:
(fancyhdr)                \setlength{\headheight}{13.59999pt}.
(fancyhdr)                You might also make \topmargin smaller to compensate:

(fancyhdr)                \addtolength{\topmargin}{-1.59999pt}.

[130]
\openout2 = chapters/ch19-fourier-intuition.aux
 (./chapters/ch19-fourier-intuition.tex
Chapter 19.
[131




]

Package fancyhdr Warning: \headheight is too small (12.0pt): 
(fancyhdr)                Make it at least 13.59999pt, for example:
(fancyhdr)                \setlength{\headheight}{13.59999pt}.
(fancyhdr)                You might also make \topmargin smaller to compensate:

(fancyhdr)                \addtolength{\topmargin}{-1.59999pt}.

[132]

Package fancyhdr Warning: \headheight is too small (12.0pt): 
(fancyhdr)                Make it at least 13.59999pt, for example:
(fancyhdr)                \setlength{\headheight}{13.59999pt}.
(fancyhdr)                You might also make \topmargin smaller to compensate:

(fancyhdr)                \addtolength{\topmargin}{-1.59999pt}.

[133]

Package fancyhdr Warning: \headheight is too small (12.0pt): 
(fancyhdr)                Make it at least 13.59999pt, for example:
(fancyhdr)                \setlength{\headheight}{13.59999pt}.
(fancyhdr)                You might also make \topmargin smaller to compensate:

(fancyhdr)                \addtolength{\topmargin}{-1.59999pt}.

[134]

Package fancyhdr Warning: \headheight is too small (12.0pt): 
(fancyhdr)                Make it at least 13.59999pt, for example:
(fancyhdr)                \setlength{\headheight}{13.59999pt}.
(fancyhdr)                You might also make \topmargin smaller to compensate:

(fancyhdr)                \addtolength{\topmargin}{-1.59999pt}.

[135]
Underfull \vbox (badness 1383) has occurred while \output is active []



Package fancyhdr Warning: \headheight is too small (12.0pt): 
(fancyhdr)                Make it at least 13.59999pt, for example:
(fancyhdr)                \setlength{\headheight}{13.59999pt}.
(fancyhdr)                You might also make \topmargin smaller to compensate:

(fancyhdr)                \addtolength{\topmargin}{-1.59999pt}.

[136])

Package fancyhdr Warning: \headheight is too small (12.0pt): 
(fancyhdr)                Make it at least 13.59999pt, for example:
(fancyhdr)                \setlength{\headheight}{13.59999pt}.
(fancyhdr)                You might also make \topmargin smaller to compensate:

(fancyhdr)                \addtolength{\topmargin}{-1.59999pt}.

[137]

Package fancyhdr Warning: \headheight is too small (12.0pt): 
(fancyhdr)                Make it at least 13.59999pt, for example:
(fancyhdr)                \setlength{\headheight}{13.59999pt}.
(fancyhdr)                You might also make \topmargin smaller to compensate:

(fancyhdr)                \addtolength{\topmargin}{-1.59999pt}.

[138



] [139] [140]
\openout2 = chapters/ch20-projection-interpretation.aux
 (./chapters/ch20-projection-interpretation.tex
Chapter 20.

Overfull \hbox (12.86032pt too wide) in paragraph at lines 1--1
|\TU/TeXGyrePagella(0)/b/n/24.88 Pro-jec-tion, In-ter-pre-ta-tion, and Liv-ing 
Dy-
 []

[141


]

Package fancyhdr Warning: \headheight is too small (12.0pt): 
(fancyhdr)                Make it at least 13.59999pt, for example:
(fancyhdr)                \setlength{\headheight}{13.59999pt}.
(fancyhdr)                You might also make \topmargin smaller to compensate:

(fancyhdr)                \addtolength{\topmargin}{-1.59999pt}.

[142]

Package fancyhdr Warning: \headheight is too small (12.0pt): 
(fancyhdr)                Make it at least 13.59999pt, for example:
(fancyhdr)                \setlength{\headheight}{13.59999pt}.
(fancyhdr)                You might also make \topmargin smaller to compensate:

(fancyhdr)                \addtolength{\topmargin}{-1.59999pt}.

[143]

Package fancyhdr Warning: \headheight is too small (12.0pt): 
(fancyhdr)                Make it at least 13.59999pt, for example:
(fancyhdr)                \setlength{\headheight}{13.59999pt}.
(fancyhdr)                You might also make \topmargin smaller to compensate:

(fancyhdr)                \addtolength{\topmargin}{-1.59999pt}.

[144]

Package fancyhdr Warning: \headheight is too small (12.0pt): 
(fancyhdr)                Make it at least 13.59999pt, for example:
(fancyhdr)                \setlength{\headheight}{13.59999pt}.
(fancyhdr)                You might also make \topmargin smaller to compensate:

(fancyhdr)                \addtolength{\topmargin}{-1.59999pt}.

[145])

Package fancyhdr Warning: \headheight is too small (12.0pt): 
(fancyhdr)                Make it at least 13.59999pt, for example:
(fancyhdr)                \setlength{\headheight}{13.59999pt}.
(fancyhdr)                You might also make \topmargin smaller to compensate:

(fancyhdr)                \addtolength{\topmargin}{-1.59999pt}.

[146]
\openout2 = back/appendix-algebra.aux
 (./back/appendix-algebra.tex [147





])

Package fancyhdr Warning: \headheight is too small (12.0pt): 
(fancyhdr)                Make it at least 13.59999pt, for example:
(fancyhdr)                \setlength{\headheight}{13.59999pt}.
(fancyhdr)                You might also make \topmargin smaller to compensate:

(fancyhdr)                \addtolength{\topmargin}{-1.59999pt}.

[148]
\openout2 = back/appendix-identity-table.aux
 (./back/appendix-identity-table.tex
Overfull \hbox (128.06602pt too wide) detected at line 60
[]\TU/TeXGyrePagellaMath(1)/m/n/10.95 (2𝜃) = 2 [] 𝜃 [] 𝜃,  [](2𝜃) = [][] 
𝜃 − [][] 𝜃 = 2 [][] 𝜃 − 1 = 1 − 2 [][] 𝜃,  [](2𝜃) = []. []

 []


Overfull \hbox (30.47801pt too wide) detected at line 71
[] [] \TU/TeXGyrePagellaMath(1)/m/n/10.95 = ±[],  [] [] = ±[],  [] [] = ±[]. []
 []

[149




]
Overfull \hbox (46.66405pt too wide) detected at line 91
[] \TU/TeXGyrePagellaMath(1)/m/n/10.95 𝑥 + [] 𝑦 = 2 [] [] [] [] ,  [] 
𝑥 + [] 𝑦 = 2 [] [] [] [] . []
 []

)

Package fancyhdr Warning: \headheight is too small (12.0pt): 
(fancyhdr)                Make it at least 13.59999pt, for example:
(fancyhdr)                \setlength{\headheight}{13.59999pt}.
(fancyhdr)                You might also make \topmargin smaller to compensate:

(fancyhdr)                \addtolength{\topmargin}{-1.59999pt}.

[150]
\openout2 = back/appendix-answers.aux
 (./back/appendix-answers.tex [151




]
Overfull \hbox (8.7599pt too wide) in paragraph at lines 61--68
\TU/TeXGyrePagella(0)/b/n/10.95 1. \TU/TeXGyrePagella(0)/m/n/10.95 Am-pli-tude 
$\TU/TeXGyrePagellaMath(1)/m/n/10.95 4$\TU/TeXGyrePagella(0)/m/n/10.95 , pe-riod
 $\TU/TeXGyrePagellaMath(1)/m/n/10.95 4𝜋$\TU/TeXGyrePagella(0)/m/n/10.95 , ph
ase shift $\TU/TeXGyrePagellaMath(1)/m/n/10.95 2𝜋$ \TU/TeXGyrePagella(0)/m/n
/10.95 to the right, ver-ti-cal shift $\TU/TeXGyrePagellaMath(1)/m/n/10.95 2$\T
U/TeXGyrePagella(0)/m/n/10.95 .  \TU/TeXGyrePagella(0)/b/n/10.95 3. $\TU/TeXGyr
ePagellaMath(1)/m/n/10.95 𝜃 = [],  [],  [],  []$\TU/TeXGyrePagella(0)/m/n/10
.95 ;
 []


Overfull \hbox (52.98412pt too wide) in paragraph at lines 78--89
\TU/TeXGyrePagellaMath(1)/m/n/10.95 − [] 𝐵$ \TU/TeXGyrePagella(0)/m/n/10.9
5 from Chap-ter 6.  \TU/TeXGyrePagella(0)/b/n/10.95 7. \TU/TeXGyrePagella(0)/m/
n/10.95 Ap-ply-ing the ro-ta-tion for-mula, $\TU/TeXGyrePagellaMath(1)/m/n/10.9
5 𝑅(40[])𝑅(50[])$ \TU/TeXGyrePagella(0)/m/n/10.95 sends $\TU/TeXGyrePagel
laMath(1)/m/n/10.95 (1, 0)$ \TU/TeXGyrePagella(0)/m/n/10.95 to $\TU/TeXGyrePage
llaMath(1)/m/n/10.95 ([] 90[], [] 90[]) =
 []


Package fancyhdr Warning: \headheight is too small (12.0pt): 
(fancyhdr)                Make it at least 13.59999pt, for example:
(fancyhdr)                \setlength{\headheight}{13.59999pt}.
(fancyhdr)                You might also make \topmargin smaller to compensate:

(fancyhdr)                \addtolength{\topmargin}{-1.59999pt}.

[152]

Package fancyhdr Warning: \headheight is too small (12.0pt): 
(fancyhdr)                Make it at least 13.59999pt, for example:
(fancyhdr)                \setlength{\headheight}{13.59999pt}.
(fancyhdr)                You might also make \topmargin smaller to compensate:

(fancyhdr)                \addtolength{\topmargin}{-1.59999pt}.

[153]
Underfull \vbox (badness 10000) has occurred while \output is active []



Package fancyhdr Warning: \headheight is too small (12.0pt): 
(fancyhdr)                Make it at least 13.59999pt, for example:
(fancyhdr)                \setlength{\headheight}{13.59999pt}.
(fancyhdr)                You might also make \topmargin smaller to compensate:

(fancyhdr)                \addtolength{\topmargin}{-1.59999pt}.

[154]

Package fancyhdr Warning: \headheight is too small (12.0pt): 
(fancyhdr)                Make it at least 13.59999pt, for example:
(fancyhdr)                \setlength{\headheight}{13.59999pt}.
(fancyhdr)                You might also make \topmargin smaller to compensate:

(fancyhdr)                \addtolength{\topmargin}{-1.59999pt}.

[155]

Package fancyhdr Warning: \headheight is too small (12.0pt): 
(fancyhdr)                Make it at least 13.59999pt, for example:
(fancyhdr)                \setlength{\headheight}{13.59999pt}.
(fancyhdr)                You might also make \topmargin smaller to compensate:

(fancyhdr)                \addtolength{\topmargin}{-1.59999pt}.

[156]

Package fancyhdr Warning: \headheight is too small (12.0pt): 
(fancyhdr)                Make it at least 13.59999pt, for example:
(fancyhdr)                \setlength{\headheight}{13.59999pt}.
(fancyhdr)                You might also make \topmargin smaller to compensate:

(fancyhdr)                \addtolength{\topmargin}{-1.59999pt}.

[157])

Package fancyhdr Warning: \headheight is too small (12.0pt): 
(fancyhdr)                Make it at least 13.59999pt, for example:
(fancyhdr)                \setlength{\headheight}{13.59999pt}.
(fancyhdr)                You might also make \topmargin smaller to compensate:

(fancyhdr)                \addtolength{\topmargin}{-1.59999pt}.

[158]

Package fancyhdr Warning: \headheight is too small (12.0pt): 
(fancyhdr)                Make it at least 13.59999pt, for example:
(fancyhdr)                \setlength{\headheight}{13.59999pt}.
(fancyhdr)                You might also make \topmargin smaller to compensate:

(fancyhdr)                \addtolength{\topmargin}{-1.59999pt}.

[159]

Package fancyhdr Warning: \headheight is too small (12.0pt): 
(fancyhdr)                Make it at least 13.59999pt, for example:
(fancyhdr)                \setlength{\headheight}{13.59999pt}.
(fancyhdr)                You might also make \topmargin smaller to compensate:

(fancyhdr)                \addtolength{\topmargin}{-1.59999pt}.

[160



] [161] (./main.aux (./front/introduction.aux) (./front/preface.aux)
(./chapters/ch00-structure-from-constraint.aux)
(./chapters/ch01-similarity-ratios.aux)
(./chapters/ch02-coordinates-vectors.aux) (./chapters/ch03-right-triangle.aux)
(./chapters/ch04-unit-circle.aux) (./chapters/ch05-circular-motion.aux)
(./chapters/ch06-graphs.aux) (./chapters/ch07-inverse-functions.aux)
(./chapters/ch08-rotation-geometry.aux) (./chapters/ch09-identities.aux)
(./chapters/ch10-multiple-angle-product.aux) (./chapters/ch11-equations.aux)
(./chapters/ch12-laws-sines-cosines.aux)
(./chapters/ch13-vectors-dot-products.aux)
(./chapters/ch14-polar-coordinates.aux) (./chapters/ch15-amplitwists.aux)
(./chapters/ch16-complex-euler.aux) (./chapters/ch17-calculus-connections.aux)
(./chapters/ch18-sequences-series.aux) (./chapters/ch19-fourier-intuition.aux)
(./chapters/ch20-projection-interpretation.aux) (./back/appendix-algebra.aux)
(./back/appendix-identity-table.aux) (./back/appendix-answers.aux))
 ***********
LaTeX2e <2023-11-01> patch level 1
L3 programming layer <2024-01-22>
 ***********
Package rerunfilecheck Info: File `main.out' has not changed.
(rerunfilecheck)             Checksum: E51DAFB44D7BD038C429CEAA5295FDEA;48110.
)

Here is how much of LuaTeX's memory you used:
 47795 strings out of 476553
 156259,1977958 words of node,token memory allocated
 1482 words of node memory still in use:
   7 hlist, 2 vlist, 2 rule, 2 glue, 4 kern, 1 glyph, 240 attribute, 62 glue_spe
c, 240 attribute_list, 2 write nodes
   avail lists: 1:1,2:4596,3:3042,4:238,5:1252,6:152,7:12947,8:90,9:1138,10:31,1
1:953
 67242 multiletter control sequences out of 65536+600000
 124 fonts using 36028583 bytes
 102i,16n,101p,724b,1194s stack positions out of 10000i,1000n,20000p,200000b,200000s
</usr/share/texmf/fonts/opentype/public/tex-gyre/texgyrepagella-regular.otf></us
r/share/texmf/fonts/opentype/public/tex-gyre/texgyrepagella-bold.otf></usr/share
/texmf/fonts/opentype/public/tex-gyre-math/texgyrepagella-math.otf></usr/share/t
exmf/fonts/opentype/public/tex-gyre-math/texgyrepagella-math.otf></usr/share/tex
mf/fonts/opentype/public/tex-gyre-math/texgyrepagella-math.otf></usr/share/texmf
/fonts/opentype/public/tex-gyre/texgyrepagella-italic.otf></usr/share/texmf/font
s/opentype/public/tex-gyre/texgyrepagella-bold.otf></usr/share/texmf/fonts/opent
ype/public/tex-gyre/texgyrepagella-regular.otf>
Output written on main.pdf (175 pages, 664206 bytes).

PDF statistics: 2820 PDF objects out of 2984 (max. 8388607)
 2593 compressed objects within 26 object streams
 1027 named destinations out of 1200 (max. 131072)
 2176 words of extra memory for PDF output out of 10000 (max. 100000000)

