\BOOKMARK [-1][-]{part.1}{\376\377\000I\000\040\000M\000a\000t\000h\000e\000m\000a\000t\000i\000c\000a\000l\000\040\000a\000n\000d\000\040\000A\000r\000c\000h\000i\000t\000e\000c\000t\000u\000r\000a\000l\000\040\000F\000o\000u\000n\000d\000a\000t\000i\000o\000n\000s}{}% 1
\BOOKMARK [0][-]{chapter.1}{\376\377\000P\000u\000r\000p\000o\000s\000e\000,\000\040\000S\000c\000o\000p\000e\000,\000\040\000a\000n\000d\000\040\000S\000e\000m\000a\000n\000t\000i\000c\000\040\000D\000i\000s\000c\000i\000p\000l\000i\000n\000e}{part.1}% 2
\BOOKMARK [1][-]{section.1.1}{\376\377\000T\000h\000e\000\040\000B\000l\000u\000e\000p\000r\000i\000n\000t\000\040\000a\000s\000\040\000a\000\040\000P\000r\000o\000t\000o\000c\000o\000l}{chapter.1}% 3
\BOOKMARK [1][-]{section.1.2}{\376\377\000N\000o\000r\000m\000a\000t\000i\000v\000e\000\040\000V\000o\000c\000a\000b\000u\000l\000a\000r\000y}{chapter.1}% 4
\BOOKMARK [1][-]{section.1.3}{\376\377\000P\000l\000a\000n\000n\000i\000n\000g\000\040\000H\000o\000r\000i\000z\000o\000n}{chapter.1}% 5
\BOOKMARK [1][-]{section.1.4}{\376\377\000S\000c\000a\000l\000e\000\040\000o\000f\000\040\000R\000e\000a\000l\000i\000z\000a\000t\000i\000o\000n}{chapter.1}% 6
\BOOKMARK [0][-]{chapter.2}{\376\377\000T\000h\000e\000\040\000P\000l\000a\000n\000e\000t\000a\000r\000y\000\040\000S\000p\000h\000e\000r\000e\000\040\000a\000n\000d\000\040\000O\000r\000t\000h\000o\000d\000r\000o\000m\000i\000c\000\040\000G\000e\000o\000m\000e\000t\000r\000y}{part.1}% 7
\BOOKMARK [1][-]{section.2.1}{\376\377\000R\000e\000f\000e\000r\000e\000n\000c\000e\000\040\000S\000p\000h\000e\000r\000e}{chapter.2}% 8
\BOOKMARK [1][-]{section.2.2}{\376\377\000G\000r\000e\000a\000t\000\040\000C\000i\000r\000c\000l\000e\000s}{chapter.2}% 9
\BOOKMARK [1][-]{section.2.3}{\376\377\000I\000n\000t\000e\000r\000s\000e\000c\000t\000i\000o\000n\000\040\000o\000f\000\040\000T\000w\000o\000\040\000O\000r\000t\000h\000o\000d\000r\000o\000m\000e\000s}{chapter.2}% 10
\BOOKMARK [1][-]{section.2.4}{\376\377\000G\000e\000o\000d\000e\000s\000i\000c\000\040\000D\000i\000s\000t\000a\000n\000c\000e}{chapter.2}% 11
\BOOKMARK [1][-]{section.2.5}{\376\377\000D\000i\000s\000t\000a\000n\000c\000e\000\040\000f\000r\000o\000m\000\040\000a\000\040\000P\000o\000i\000n\000t\000\040\000t\000o\000\040\000a\000n\000\040\000O\000r\000t\000h\000o\000d\000r\000o\000m\000e}{chapter.2}% 12
\BOOKMARK [0][-]{chapter.3}{\376\377\000A\000r\000r\000a\000n\000g\000e\000m\000e\000n\000t\000s\000\040\000o\000f\000\040\000G\000r\000e\000a\000t\000\040\000C\000i\000r\000c\000l\000e\000s}{part.1}% 13
\BOOKMARK [1][-]{section.3.1}{\376\377\000T\000h\000e\000\040\000O\000r\000t\000h\000o\000d\000r\000o\000m\000i\000c\000\040\000A\000r\000r\000a\000n\000g\000e\000m\000e\000n\000t}{chapter.3}% 14
\BOOKMARK [1][-]{section.3.2}{\376\377\000E\000d\000g\000e\000s\000\040\000a\000n\000d\000\040\000C\000e\000l\000l\000s}{chapter.3}% 15
\BOOKMARK [1][-]{section.3.3}{\376\377\000G\000e\000n\000e\000r\000a\000l\000-\000P\000o\000s\000i\000t\000i\000o\000n\000\040\000C\000o\000u\000n\000t\000s}{chapter.3}% 16
\BOOKMARK [1][-]{section.3.4}{\376\377\000A\000\040\000F\000a\000m\000i\000l\000y\000\040\000w\000i\000t\000h\000\040\000P\000o\000l\000a\000r\000\040\000C\000o\000n\000c\000u\000r\000r\000e\000n\000c\000e}{chapter.3}% 17
\BOOKMARK [1][-]{section.3.5}{\376\377\000A\000d\000d\000i\000n\000g\000\040\000a\000\040\000G\000e\000n\000e\000r\000i\000c\000\040\000I\000n\000c\000l\000i\000n\000e\000d\000\040\000O\000r\000t\000h\000o\000d\000r\000o\000m\000e}{chapter.3}% 18
\BOOKMARK [1][-]{section.3.6}{\376\377\000T\000h\000e\000\040\000N\000i\000n\000e\000-\000O\000r\000t\000h\000o\000d\000r\000o\000m\000e\000\040\000R\000e\000a\000l\000i\000z\000a\000t\000i\000o\000n}{chapter.3}% 19
\BOOKMARK [1][-]{section.3.7}{\376\377\000T\000h\000e\000\040\000C\000o\000n\000c\000u\000r\000r\000e\000n\000t\000\040\000C\000u\000b\000i\000c\000-\000S\000y\000m\000m\000e\000t\000r\000i\000c\000\040\000R\000e\000a\000l\000i\000z\000a\000t\000i\000o\000n}{chapter.3}% 20
\BOOKMARK [0][-]{chapter.4}{\376\377\000S\000p\000h\000e\000r\000i\000c\000a\000l\000\040\000S\000e\000r\000v\000i\000c\000e\000\040\000G\000e\000o\000m\000e\000t\000r\000y}{part.1}% 21
\BOOKMARK [1][-]{section.4.1}{\376\377\000W\000h\000y\000\040\000t\000h\000e\000\040\000O\000r\000t\000h\000o\000d\000r\000o\000m\000i\000c\000\040\000A\000r\000r\000a\000n\000g\000e\000m\000e\000n\000t\000\040\000I\000s\000\040\000N\000o\000t\000\040\000S\000u\000f\000f\000i\000c\000i\000e\000n\000t}{chapter.4}% 22
\BOOKMARK [1][-]{section.4.2}{\376\377\000S\000p\000h\000e\000r\000i\000c\000a\000l\000\040\000V\000o\000r\000o\000n\000o\000i\000\040\000C\000e\000l\000l\000s}{chapter.4}% 23
\BOOKMARK [1][-]{section.4.3}{\376\377\000S\000p\000h\000e\000r\000i\000c\000a\000l\000\040\000B\000i\000s\000e\000c\000t\000o\000r\000s}{chapter.4}% 24
\BOOKMARK [1][-]{section.4.4}{\376\377\000V\000o\000r\000o\000n\000o\000i\000\040\000V\000e\000r\000t\000i\000c\000e\000s}{chapter.4}% 25
\BOOKMARK [1][-]{section.4.5}{\376\377\000T\000h\000e\000\040\000S\000p\000h\000e\000r\000i\000c\000a\000l\000\040\000D\000e\000l\000a\000u\000n\000a\000y\000\040\000C\000o\000m\000p\000l\000e\000x}{chapter.4}% 26
\BOOKMARK [1][-]{section.4.6}{\376\377\000E\000u\000l\000e\000r\000\040\000R\000e\000l\000a\000t\000i\000o\000n\000s\000\040\000f\000o\000r\000\040\000t\000h\000e\000\040\000S\000p\000h\000e\000r\000i\000c\000a\000l\000\040\000D\000e\000l\000a\000u\000n\000a\000y\000\040\000T\000r\000i\000a\000n\000g\000u\000l\000a\000t\000i\000o\000n}{chapter.4}% 27
\BOOKMARK [1][-]{section.4.7}{\376\377\000C\000o\000n\000v\000e\000x\000-\000H\000u\000l\000l\000\040\000C\000o\000n\000s\000t\000r\000u\000c\000t\000i\000o\000n\000\040\000o\000f\000\040\000t\000h\000e\000\040\000D\000e\000l\000a\000u\000n\000a\000y\000\040\000C\000o\000m\000p\000l\000e\000x}{chapter.4}% 28
\BOOKMARK [1][-]{section.4.8}{\376\377\000T\000h\000e\000\040\000O\000r\000t\000h\000o\000d\000r\000o\000m\000i\000c\000\040\000G\000r\000a\000p\000h\000\040\000a\000n\000d\000\040\000t\000h\000e\000\040\000D\000e\000l\000a\000u\000n\000a\000y\000\040\000G\000r\000a\000p\000h}{chapter.4}% 29
\BOOKMARK [1][-]{section.4.9}{\376\377\000A\000\040\000S\000p\000a\000n\000n\000e\000r\000\040\000I\000n\000t\000e\000r\000p\000r\000e\000t\000a\000t\000i\000o\000n}{chapter.4}% 30
\BOOKMARK [1][-]{section.4.10}{\376\377\000V\000o\000r\000o\000n\000o\000i\000\040\000C\000o\000v\000e\000r\000a\000g\000e\000\040\000R\000a\000d\000i\000u\000s}{chapter.4}% 31
\BOOKMARK [1][-]{section.4.11}{\376\377\000W\000e\000i\000g\000h\000t\000e\000d\000\040\000V\000o\000r\000o\000n\000o\000i\000\040\000T\000e\000s\000s\000e\000l\000l\000a\000t\000i\000o\000n\000s}{chapter.4}% 32
\BOOKMARK [1][-]{section.4.12}{\376\377\000A\000n\000i\000s\000o\000t\000r\000o\000p\000i\000c\000\040\000a\000n\000d\000\040\000T\000e\000r\000r\000a\000i\000n\000-\000C\000o\000n\000s\000t\000r\000a\000i\000n\000e\000d\000\040\000D\000i\000s\000t\000a\000n\000c\000e}{chapter.4}% 33
\BOOKMARK [0][-]{chapter.5}{\376\377\000O\000p\000t\000i\000m\000i\000z\000a\000t\000i\000o\000n\000\040\000o\000f\000\040\000t\000h\000e\000\040\000I\000n\000c\000l\000i\000n\000e\000d\000\040\000O\000r\000t\000h\000o\000d\000r\000o\000m\000e\000s}{part.1}% 34
\BOOKMARK [1][-]{section.5.1}{\376\377\000F\000r\000o\000m\000\040\000A\000r\000b\000i\000t\000r\000a\000r\000y\000\040\000P\000l\000a\000c\000e\000m\000e\000n\000t\000\040\000t\000o\000\040\000E\000x\000p\000l\000i\000c\000i\000t\000\040\000O\000b\000j\000e\000c\000t\000i\000v\000e\000s}{chapter.5}% 35
\BOOKMARK [1][-]{section.5.2}{\376\377\000P\000a\000r\000e\000t\000o\000\040\000O\000p\000t\000i\000m\000a\000l\000i\000t\000y}{chapter.5}% 36
\BOOKMARK [1][-]{section.5.3}{\376\377\000C\000o\000v\000e\000r\000a\000g\000e\000\040\000F\000u\000n\000c\000t\000i\000o\000n\000a\000l}{chapter.5}% 37
\BOOKMARK [1][-]{section.5.4}{\376\377\000C\000o\000r\000r\000i\000d\000o\000r\000\040\000A\000c\000c\000e\000s\000s\000i\000b\000i\000l\000i\000t\000y\000\040\000F\000u\000n\000c\000t\000i\000o\000n\000a\000l}{chapter.5}% 38
\BOOKMARK [1][-]{section.5.5}{\376\377\000S\000y\000m\000m\000e\000t\000r\000y\000\040\000R\000e\000g\000u\000l\000a\000r\000i\000z\000a\000t\000i\000o\000n}{chapter.5}% 39
\BOOKMARK [1][-]{section.5.6}{\376\377\000D\000e\000g\000e\000n\000e\000r\000a\000c\000y\000\040\000P\000e\000n\000a\000l\000t\000i\000e\000s}{chapter.5}% 40
\BOOKMARK [1][-]{section.5.7}{\376\377\000T\000o\000p\000o\000l\000o\000g\000i\000c\000a\000l\000\040\000S\000t\000a\000b\000i\000l\000i\000t\000y}{chapter.5}% 41
\BOOKMARK [1][-]{section.5.8}{\376\377\000A\000\040\000C\000o\000n\000s\000t\000r\000a\000i\000n\000e\000d\000\040\000V\000a\000r\000i\000a\000t\000i\000o\000n\000a\000l\000\040\000S\000t\000a\000t\000e\000m\000e\000n\000t}{chapter.5}% 42
\BOOKMARK [1][-]{section.5.9}{\376\377\000S\000e\000n\000s\000i\000t\000i\000v\000i\000t\000y\000\040\000a\000n\000d\000\040\000L\000o\000n\000g\000-\000H\000o\000r\000i\000z\000o\000n\000\040\000R\000o\000b\000u\000s\000t\000n\000e\000s\000s}{chapter.5}% 43
\BOOKMARK [0][-]{chapter.6}{\376\377\000P\000r\000i\000m\000a\000r\000y\000\040\000C\000e\000l\000l\000s\000,\000\040\000S\000e\000r\000v\000i\000c\000e\000\040\000C\000e\000l\000l\000s\000,\000\040\000a\000n\000d\000\040\000R\000e\000g\000i\000o\000n\000a\000l\000\040\000M\000o\000d\000u\000l\000e\000s}{part.1}% 44
\BOOKMARK [1][-]{section.6.1}{\376\377\000T\000w\000o\000\040\000D\000i\000s\000t\000i\000n\000c\000t\000\040\000T\000e\000s\000s\000e\000l\000l\000a\000t\000i\000o\000n\000s}{chapter.6}% 45
\BOOKMARK [1][-]{section.6.2}{\376\377\000C\000e\000l\000l\000\040\000A\000r\000e\000a}{chapter.6}% 46
\BOOKMARK [1][-]{section.6.3}{\376\377\000C\000e\000l\000l\000\040\000D\000i\000a\000m\000e\000t\000e\000r\000\040\000a\000n\000d\000\040\000A\000s\000p\000e\000c\000t}{chapter.6}% 47
\BOOKMARK [1][-]{section.6.4}{\376\377\000C\000e\000n\000t\000r\000o\000i\000d\000a\000l\000\040\000V\000o\000r\000o\000n\000o\000i\000\040\000R\000e\000l\000a\000x\000a\000t\000i\000o\000n}{chapter.6}% 48
\BOOKMARK [1][-]{section.6.5}{\376\377\000D\000e\000l\000a\000u\000n\000a\000y\000\040\000A\000n\000g\000l\000e\000\040\000Q\000u\000a\000l\000i\000t\000y}{chapter.6}% 49
\BOOKMARK [1][-]{section.6.6}{\376\377\000D\000e\000l\000a\000u\000n\000a\000y\000\040\000P\000a\000t\000h\000s\000\040\000a\000s\000\040\000S\000e\000c\000o\000n\000d\000a\000r\000y\000\040\000C\000o\000r\000r\000i\000d\000o\000r\000s}{chapter.6}% 50
\BOOKMARK [1][-]{section.6.7}{\376\377\000R\000e\000d\000u\000n\000d\000a\000n\000c\000y\000\040\000a\000n\000d\000\040\000F\000a\000i\000l\000u\000r\000e}{chapter.6}% 51
\BOOKMARK [1][-]{section.6.8}{\376\377\000M\000u\000l\000t\000i\000-\000C\000o\000m\000m\000o\000d\000i\000t\000y\000\040\000G\000r\000a\000p\000h\000s}{chapter.6}% 52
\BOOKMARK [-1][-]{part.2}{\376\377\000I\000I\000\040\000T\000h\000e\000\040\000G\000e\000o\000m\000e\000t\000r\000y\000\040\000o\000f\000\040\000I\000n\000f\000r\000a\000s\000t\000r\000u\000c\000t\000u\000r\000e\000\040\000C\000o\000r\000r\000i\000d\000o\000r\000s}{}% 53
\BOOKMARK [0][-]{chapter.7}{\376\377\000T\000h\000e\000\040\000C\000o\000r\000r\000i\000d\000o\000r\000\040\000a\000s\000\040\000a\000\040\000G\000e\000o\000m\000e\000t\000r\000i\000c\000\040\000O\000b\000j\000e\000c\000t}{part.2}% 54
\BOOKMARK [1][-]{section.7.1}{\376\377\000F\000r\000o\000m\000\040\000C\000u\000r\000v\000e\000s\000\040\000t\000o\000\040\000C\000o\000r\000r\000i\000d\000o\000r\000s}{chapter.7}% 55
\BOOKMARK [1][-]{section.7.2}{\376\377\000M\000o\000v\000i\000n\000g\000\040\000F\000r\000a\000m\000e\000s\000\040\000A\000l\000o\000n\000g\000\040\000t\000h\000e\000\040\000C\000o\000r\000r\000i\000d\000o\000r}{chapter.7}% 56
\BOOKMARK [1][-]{section.7.3}{\376\377\000C\000u\000r\000v\000a\000t\000u\000r\000e\000\040\000o\000f\000\040\000G\000r\000e\000a\000t\000\040\000C\000i\000r\000c\000l\000e\000s}{chapter.7}% 57
\BOOKMARK [1][-]{section.7.4}{\376\377\000T\000h\000e\000\040\000C\000o\000r\000r\000i\000d\000o\000r\000\040\000T\000u\000b\000e}{chapter.7}% 58
\BOOKMARK [1][-]{section.7.5}{\376\377\000S\000u\000b\000s\000y\000s\000t\000e\000m\000\040\000O\000c\000c\000u\000p\000a\000n\000c\000y}{chapter.7}% 59
\BOOKMARK [1][-]{section.7.6}{\376\377\000R\000e\000s\000e\000r\000v\000e\000d\000\040\000C\000a\000p\000a\000c\000i\000t\000y}{chapter.7}% 60
\BOOKMARK [1][-]{section.7.7}{\376\377\000C\000r\000o\000s\000s\000-\000S\000e\000c\000t\000i\000o\000n\000s}{chapter.7}% 61
\BOOKMARK [0][-]{chapter.8}{\376\377\000C\000r\000o\000s\000s\000-\000S\000e\000c\000t\000i\000o\000n\000a\000l\000\040\000G\000e\000o\000m\000e\000t\000r\000y}{part.2}% 62
\BOOKMARK [1][-]{section.8.1}{\376\377\000T\000h\000e\000\040\000C\000o\000r\000r\000i\000d\000o\000r\000\040\000a\000s\000\040\000a\000\040\000F\000i\000n\000i\000t\000e\000\040\000R\000e\000s\000o\000u\000r\000c\000e}{chapter.8}% 63
\BOOKMARK [1][-]{section.8.2}{\376\377\000C\000r\000o\000s\000s\000-\000S\000e\000c\000t\000i\000o\000n\000a\000l\000\040\000C\000o\000o\000r\000d\000i\000n\000a\000t\000e\000s}{chapter.8}% 64
\BOOKMARK [1][-]{section.8.3}{\376\377\000C\000r\000o\000s\000s\000-\000S\000e\000c\000t\000i\000o\000n\000a\000l\000\040\000M\000e\000a\000s\000u\000r\000e}{chapter.8}% 65
\BOOKMARK [1][-]{section.8.4}{\376\377\000G\000e\000o\000m\000e\000t\000r\000i\000c\000\040\000A\000l\000l\000o\000c\000a\000t\000i\000o\000n}{chapter.8}% 66
\BOOKMARK [1][-]{section.8.5}{\376\377\000R\000e\000s\000e\000r\000v\000e\000d\000\040\000C\000a\000p\000a\000c\000i\000t\000y}{chapter.8}% 67
\BOOKMARK [1][-]{section.8.6}{\376\377\000I\000n\000t\000e\000r\000f\000a\000c\000e\000\040\000B\000o\000u\000n\000d\000a\000r\000i\000e\000s}{chapter.8}% 68
\BOOKMARK [1][-]{section.8.7}{\376\377\000A\000d\000j\000a\000c\000e\000n\000c\000y\000\040\000G\000r\000a\000p\000h}{chapter.8}% 69
\BOOKMARK [1][-]{section.8.8}{\376\377\000V\000o\000r\000o\000n\000o\000i\000\040\000A\000l\000l\000o\000c\000a\000t\000i\000o\000n\000\040\000W\000i\000t\000h\000i\000n\000\040\000t\000h\000e\000\040\000C\000o\000r\000r\000i\000d\000o\000r}{chapter.8}% 70
\BOOKMARK [1][-]{section.8.9}{\376\377\000D\000e\000l\000a\000u\000n\000a\000y\000\040\000C\000o\000n\000n\000e\000c\000t\000i\000v\000i\000t\000y}{chapter.8}% 71
\BOOKMARK [0][-]{chapter.9}{\376\377\000H\000y\000d\000r\000a\000u\000l\000i\000c\000\040\000T\000r\000a\000n\000s\000p\000o\000r\000t}{part.2}% 72
\BOOKMARK [1][-]{section.9.1}{\376\377\000I\000n\000t\000r\000o\000d\000u\000c\000t\000i\000o\000n}{chapter.9}% 73
\BOOKMARK [1][-]{section.9.2}{\376\377\000C\000o\000n\000s\000e\000r\000v\000a\000t\000i\000o\000n\000\040\000o\000f\000\040\000M\000a\000s\000s}{chapter.9}% 74
\BOOKMARK [1][-]{section.9.3}{\376\377\000I\000n\000c\000o\000m\000p\000r\000e\000s\000s\000i\000b\000l\000e\000\040\000A\000p\000p\000r\000o\000x\000i\000m\000a\000t\000i\000o\000n}{chapter.9}% 75
\BOOKMARK [1][-]{section.9.4}{\376\377\000V\000o\000l\000u\000m\000e\000\040\000F\000l\000o\000w\000\040\000R\000a\000t\000e}{chapter.9}% 76
\BOOKMARK [1][-]{section.9.5}{\376\377\000B\000e\000r\000n\000o\000u\000l\000l\000i\000'\000s\000\040\000E\000q\000u\000a\000t\000i\000o\000n}{chapter.9}% 77
\BOOKMARK [1][-]{section.9.6}{\376\377\000H\000y\000d\000r\000a\000u\000l\000i\000c\000\040\000H\000e\000a\000d}{chapter.9}% 78
\BOOKMARK [1][-]{section.9.7}{\376\377\000H\000e\000a\000d\000\040\000L\000o\000s\000s}{chapter.9}% 79
\BOOKMARK [1][-]{section.9.8}{\376\377\000P\000u\000m\000p\000\040\000P\000o\000w\000e\000r}{chapter.9}% 80
\BOOKMARK [1][-]{section.9.9}{\376\377\000G\000r\000a\000v\000i\000t\000y\000\040\000R\000e\000c\000o\000v\000e\000r\000y}{chapter.9}% 81
\BOOKMARK [1][-]{section.9.10}{\376\377\000H\000y\000d\000r\000a\000u\000l\000i\000c\000\040\000N\000e\000t\000w\000o\000r\000k\000s}{chapter.9}% 82
\BOOKMARK [1][-]{section.9.11}{\376\377\000I\000n\000c\000i\000d\000e\000n\000c\000e\000\040\000M\000a\000t\000r\000i\000x\000\040\000F\000o\000r\000m\000u\000l\000a\000t\000i\000o\000n}{chapter.9}% 83
\BOOKMARK [1][-]{section.9.12}{\376\377\000O\000p\000t\000i\000m\000i\000z\000a\000t\000i\000o\000n\000\040\000o\000f\000\040\000W\000a\000t\000e\000r\000\040\000R\000o\000u\000t\000i\000n\000g}{chapter.9}% 84
\BOOKMARK [0][-]{chapter.10}{\376\377\000E\000n\000e\000r\000g\000y\000\040\000T\000r\000a\000n\000s\000p\000o\000r\000t\000\040\000a\000n\000d\000\040\000E\000l\000e\000c\000t\000r\000i\000c\000a\000l\000\040\000I\000n\000f\000r\000a\000s\000t\000r\000u\000c\000t\000u\000r\000e}{part.2}% 85
\BOOKMARK [1][-]{section.10.1}{\376\377\000I\000n\000t\000r\000o\000d\000u\000c\000t\000i\000o\000n}{chapter.10}% 86
\BOOKMARK [1][-]{section.10.2}{\376\377\000C\000o\000n\000s\000e\000r\000v\000a\000t\000i\000o\000n\000\040\000o\000f\000\040\000C\000h\000a\000r\000g\000e}{chapter.10}% 87
\BOOKMARK [1][-]{section.10.3}{\376\377\000S\000t\000e\000a\000d\000y\000-\000S\000t\000a\000t\000e\000\040\000N\000e\000t\000w\000o\000r\000k\000s}{chapter.10}% 88
\BOOKMARK [1][-]{section.10.4}{\376\377\000O\000h\000m\000'\000s\000\040\000L\000a\000w}{chapter.10}% 89
\BOOKMARK [1][-]{section.10.5}{\376\377\000P\000o\000t\000e\000n\000t\000i\000a\000l\000\040\000E\000q\000u\000a\000t\000i\000o\000n}{chapter.10}% 90
\BOOKMARK [1][-]{section.10.6}{\376\377\000E\000l\000e\000c\000t\000r\000i\000c\000a\000l\000\040\000P\000o\000w\000e\000r}{chapter.10}% 91
\BOOKMARK [1][-]{section.10.7}{\376\377\000T\000r\000a\000n\000s\000m\000i\000s\000s\000i\000o\000n\000\040\000L\000o\000s\000s\000e\000s}{chapter.10}% 92
\BOOKMARK [1][-]{section.10.8}{\376\377\000E\000l\000e\000c\000t\000r\000i\000c\000a\000l\000\040\000G\000r\000a\000p\000h\000s}{chapter.10}% 93
\BOOKMARK [1][-]{section.10.9}{\376\377\000I\000n\000c\000i\000d\000e\000n\000c\000e\000\040\000M\000a\000t\000r\000i\000x}{chapter.10}% 94
\BOOKMARK [1][-]{section.10.10}{\376\377\000E\000l\000e\000c\000t\000r\000i\000c\000a\000l\000\040\000R\000e\000s\000i\000s\000t\000a\000n\000c\000e\000\040\000O\000p\000t\000i\000m\000i\000z\000a\000t\000i\000o\000n}{chapter.10}% 95
\BOOKMARK [1][-]{section.10.11}{\376\377\000H\000y\000d\000r\000a\000u\000l\000i\000c\040\023\000E\000l\000e\000c\000t\000r\000i\000c\000a\000l\000\040\000D\000u\000a\000l\000i\000t\000y}{chapter.10}% 96
\BOOKMARK [1][-]{section.10.12}{\376\377\000E\000n\000e\000r\000g\000y\000\040\000S\000t\000o\000r\000a\000g\000e\000\040\000A\000l\000o\000n\000g\000\040\000C\000o\000r\000r\000i\000d\000o\000r\000s}{chapter.10}% 97
\BOOKMARK [1][-]{section.10.13}{\376\377\000C\000o\000u\000p\000l\000i\000n\000g\000\040\000w\000i\000t\000h\000\040\000H\000y\000d\000r\000a\000u\000l\000i\000c\000\040\000I\000n\000f\000r\000a\000s\000t\000r\000u\000c\000t\000u\000r\000e}{chapter.10}% 98
\BOOKMARK [1][-]{section.10.14}{\376\377\000U\000n\000i\000f\000i\000e\000d\000\040\000C\000o\000n\000s\000e\000r\000v\000a\000t\000i\000o\000n\000\040\000S\000t\000r\000u\000c\000t\000u\000r\000e}{chapter.10}% 99
\BOOKMARK [0][-]{chapter.11}{\376\377\000T\000r\000a\000n\000s\000p\000o\000r\000t\000a\000t\000i\000o\000n\000\040\000D\000y\000n\000a\000m\000i\000c\000s}{part.2}% 100
\BOOKMARK [1][-]{section.11.1}{\376\377\000I\000n\000t\000r\000o\000d\000u\000c\000t\000i\000o\000n}{chapter.11}% 101
\BOOKMARK [1][-]{section.11.2}{\376\377\000T\000r\000a\000f\000f\000i\000c\000\040\000D\000e\000n\000s\000i\000t\000y}{chapter.11}% 102
\BOOKMARK [1][-]{section.11.3}{\376\377\000C\000o\000n\000s\000e\000r\000v\000a\000t\000i\000o\000n\000\040\000o\000f\000\040\000V\000e\000h\000i\000c\000l\000e\000s}{chapter.11}% 103
\BOOKMARK [1][-]{section.11.4}{\376\377\000F\000u\000n\000d\000a\000m\000e\000n\000t\000a\000l\000\040\000D\000i\000a\000g\000r\000a\000m}{chapter.11}% 104
\BOOKMARK [1][-]{section.11.5}{\376\377\000T\000h\000e\000\040\000L\000i\000g\000h\000t\000h\000i\000l\000l\040\023\000W\000h\000i\000t\000h\000a\000m\040\023\000R\000i\000c\000h\000a\000r\000d\000s\000\040\000E\000q\000u\000a\000t\000i\000o\000n}{chapter.11}% 105
\BOOKMARK [1][-]{section.11.6}{\376\377\000T\000r\000a\000f\000f\000i\000c\000\040\000W\000a\000v\000e\000s}{chapter.11}% 106
\BOOKMARK [1][-]{section.11.7}{\376\377\000T\000r\000a\000n\000s\000p\000o\000r\000t\000a\000t\000i\000o\000n\000\040\000G\000r\000a\000p\000h\000s}{chapter.11}% 107
\BOOKMARK [1][-]{section.11.8}{\376\377\000I\000n\000c\000i\000d\000e\000n\000c\000e\000\040\000M\000a\000t\000r\000i\000x\000\040\000F\000o\000r\000m\000u\000l\000a\000t\000i\000o\000n}{chapter.11}% 108
\BOOKMARK [1][-]{section.11.9}{\376\377\000T\000r\000a\000v\000e\000l\000\040\000T\000i\000m\000e}{chapter.11}% 109
\BOOKMARK [1][-]{section.11.10}{\376\377\000S\000h\000o\000r\000t\000e\000s\000t\000\040\000P\000a\000t\000h\000s}{chapter.11}% 110
\BOOKMARK [1][-]{section.11.11}{\376\377\000T\000r\000a\000n\000s\000p\000o\000r\000t\000a\000t\000i\000o\000n\000\040\000C\000a\000p\000a\000c\000i\000t\000y}{chapter.11}% 111
\BOOKMARK [1][-]{section.11.12}{\376\377\000R\000a\000i\000l\000\040\000S\000y\000s\000t\000e\000m\000s}{chapter.11}% 112
\BOOKMARK [1][-]{section.11.13}{\376\377\000F\000r\000e\000i\000g\000h\000t\000\040\000F\000l\000o\000w}{chapter.11}% 113
\BOOKMARK [1][-]{section.11.14}{\376\377\000P\000a\000s\000s\000e\000n\000g\000e\000r\000\040\000F\000l\000o\000w}{chapter.11}% 114
\BOOKMARK [1][-]{section.11.15}{\376\377\000U\000n\000i\000f\000i\000e\000d\000\040\000T\000r\000a\000n\000s\000p\000o\000r\000t\000a\000t\000i\000o\000n\000\040\000S\000t\000a\000t\000e}{chapter.11}% 115
\BOOKMARK [1][-]{section.11.16}{\376\377\000R\000e\000l\000a\000t\000i\000o\000n\000s\000h\000i\000p\000\040\000t\000o\000\040\000t\000h\000e\000\040\000O\000t\000h\000e\000r\000\040\000C\000o\000r\000r\000i\000d\000o\000r\000\040\000S\000y\000s\000t\000e\000m\000s}{chapter.11}% 116
\BOOKMARK [0][-]{chapter.12}{\376\377\000U\000n\000i\000f\000i\000e\000d\000\040\000M\000u\000l\000t\000i\000-\000C\000o\000m\000m\000o\000d\000i\000t\000y\000\040\000D\000y\000n\000a\000m\000i\000c\000s}{part.2}% 117
\BOOKMARK [1][-]{section.12.1}{\376\377\000I\000n\000t\000r\000o\000d\000u\000c\000t\000i\000o\000n}{chapter.12}% 118
\BOOKMARK [1][-]{section.12.2}{\376\377\000C\000o\000m\000m\000o\000d\000i\000t\000y\000\040\000S\000p\000a\000c\000e}{chapter.12}% 119
\BOOKMARK [1][-]{section.12.3}{\376\377\000G\000e\000n\000e\000r\000a\000l\000\040\000C\000o\000n\000s\000e\000r\000v\000a\000t\000i\000o\000n\000\040\000L\000a\000w}{chapter.12}% 120
\BOOKMARK [1][-]{section.12.4}{\376\377\000L\000i\000n\000e\000a\000r\000\040\000C\000o\000u\000p\000l\000i\000n\000g}{chapter.12}% 121
\BOOKMARK [1][-]{section.12.5}{\376\377\000I\000n\000t\000e\000r\000p\000r\000e\000t\000a\000t\000i\000o\000n\000\040\000o\000f\000\040\000t\000h\000e\000\040\000C\000o\000u\000p\000l\000i\000n\000g\000\040\000M\000a\000t\000r\000i\000x}{chapter.12}% 122
\BOOKMARK [1][-]{section.12.6}{\376\377\000E\000q\000u\000i\000l\000i\000b\000r\000i\000u\000m\000\040\000S\000t\000a\000t\000e\000s}{chapter.12}% 123
\BOOKMARK [1][-]{section.12.7}{\376\377\000L\000i\000n\000e\000a\000r\000\040\000S\000t\000a\000b\000i\000l\000i\000t\000y}{chapter.12}% 124
\BOOKMARK [1][-]{section.12.8}{\376\377\000I\000n\000f\000r\000a\000s\000t\000r\000u\000c\000t\000u\000r\000e\000\040\000C\000a\000p\000a\000c\000i\000t\000y}{chapter.12}% 125
\BOOKMARK [1][-]{section.12.9}{\376\377\000T\000h\000e\000\040\000U\000n\000i\000v\000e\000r\000s\000a\000l\000\040\000I\000n\000f\000r\000a\000s\000t\000r\000u\000c\000t\000u\000r\000e\000\040\000E\000q\000u\000a\000t\000i\000o\000n}{chapter.12}% 126
\BOOKMARK [-1][-]{part.3}{\376\377\000I\000I\000I\000\040\000V\000a\000r\000i\000a\000t\000i\000o\000n\000a\000l\000\040\000I\000n\000f\000r\000a\000s\000t\000r\000u\000c\000t\000u\000r\000e\000\040\000T\000h\000e\000o\000r\000y}{}% 127
\BOOKMARK [0][-]{chapter.13}{\376\377\000I\000n\000f\000r\000a\000s\000t\000r\000u\000c\000t\000u\000r\000e\000\040\000F\000u\000n\000c\000t\000i\000o\000n\000a\000l\000s}{part.3}% 128
\BOOKMARK [1][-]{section.13.1}{\376\377\000I\000n\000t\000r\000o\000d\000u\000c\000t\000i\000o\000n}{chapter.13}% 129
\BOOKMARK [1][-]{section.13.2}{\376\377\000F\000u\000n\000c\000t\000i\000o\000n\000\040\000S\000p\000a\000c\000e\000s}{chapter.13}% 130
\BOOKMARK [1][-]{section.13.3}{\376\377\000I\000n\000f\000r\000a\000s\000t\000r\000u\000c\000t\000u\000r\000e\000\040\000F\000u\000n\000c\000t\000i\000o\000n\000a\000l\000s}{chapter.13}% 131
\BOOKMARK [1][-]{section.13.4}{\376\377\000I\000n\000t\000e\000g\000r\000a\000l\000\040\000F\000u\000n\000c\000t\000i\000o\000n\000a\000l\000s}{chapter.13}% 132
\BOOKMARK [1][-]{section.13.5}{\376\377\000E\000x\000a\000m\000p\000l\000e\000s}{chapter.13}% 133
\BOOKMARK [1][-]{section.13.6}{\376\377\000T\000h\000e\000\040\000P\000r\000i\000n\000c\000i\000p\000l\000e\000\040\000o\000f\000\040\000O\000p\000t\000i\000m\000a\000l\000\040\000I\000n\000f\000r\000a\000s\000t\000r\000u\000c\000t\000u\000r\000e}{chapter.13}% 134
\BOOKMARK [1][-]{section.13.7}{\376\377\000V\000a\000r\000i\000a\000t\000i\000o\000n\000s}{chapter.13}% 135
\BOOKMARK [1][-]{section.13.8}{\376\377\000D\000e\000r\000i\000v\000a\000t\000i\000o\000n\000\040\000o\000f\000\040\000t\000h\000e\000\040\000E\000u\000l\000e\000r\040\023\000L\000a\000g\000r\000a\000n\000g\000e\000\040\000E\000q\000u\000a\000t\000i\000o\000n}{chapter.13}% 136
\BOOKMARK [1][-]{section.13.9}{\376\377\000I\000n\000t\000e\000r\000p\000r\000e\000t\000a\000t\000i\000o\000n}{chapter.13}% 137
\BOOKMARK [1][-]{section.13.10}{\376\377\000E\000x\000a\000m\000p\000l\000e\000s}{chapter.13}% 138
\BOOKMARK [1][-]{section.13.11}{\376\377\000T\000o\000w\000a\000r\000d\000\040\000M\000u\000l\000t\000i\000p\000l\000e\000\040\000O\000b\000j\000e\000c\000t\000i\000v\000e\000s}{chapter.13}% 139
\BOOKMARK [0][-]{chapter.14}{\376\377\000M\000u\000l\000t\000i\000-\000O\000b\000j\000e\000c\000t\000i\000v\000e\000\040\000O\000p\000t\000i\000m\000i\000z\000a\000t\000i\000o\000n}{part.3}% 140
\BOOKMARK [1][-]{section.14.1}{\376\377\000I\000n\000t\000r\000o\000d\000u\000c\000t\000i\000o\000n}{chapter.14}% 141
\BOOKMARK [1][-]{section.14.2}{\376\377\000O\000b\000j\000e\000c\000t\000i\000v\000e\000\040\000V\000e\000c\000t\000o\000r\000s}{chapter.14}% 142
\BOOKMARK [1][-]{section.14.3}{\376\377\000E\000x\000a\000m\000p\000l\000e\000s}{chapter.14}% 143
\BOOKMARK [1][-]{section.14.4}{\376\377\000P\000a\000r\000t\000i\000a\000l\000\040\000O\000r\000d\000e\000r\000i\000n\000g}{chapter.14}% 144
\BOOKMARK [1][-]{section.14.5}{\376\377\000W\000e\000i\000g\000h\000t\000e\000d\000\040\000S\000c\000a\000l\000a\000r\000i\000z\000a\000t\000i\000o\000n}{chapter.14}% 145
\BOOKMARK [1][-]{section.14.6}{\376\377\000I\000n\000f\000r\000a\000s\000t\000r\000u\000c\000t\000u\000r\000e\000\040\000T\000r\000a\000d\000e\000-\000o\000f\000f\000s}{chapter.14}% 146
\BOOKMARK [1][-]{section.14.7}{\376\377\000C\000a\000p\000a\000c\000i\000t\000y\000\040\000a\000s\000\040\000a\000n\000\040\000O\000b\000j\000e\000c\000t\000i\000v\000e}{chapter.14}% 147
\BOOKMARK [1][-]{section.14.8}{\376\377\000R\000o\000b\000u\000s\000t\000\040\000O\000p\000t\000i\000m\000i\000z\000a\000t\000i\000o\000n}{chapter.14}% 148
\BOOKMARK [1][-]{section.14.9}{\376\377\000A\000d\000a\000p\000t\000i\000v\000e\000\040\000I\000n\000f\000r\000a\000s\000t\000r\000u\000c\000t\000u\000r\000e}{chapter.14}% 149
\BOOKMARK [1][-]{section.14.10}{\376\377\000D\000i\000s\000c\000u\000s\000s\000i\000o\000n}{chapter.14}% 150
\BOOKMARK [0][-]{chapter.15}{\376\377\000C\000o\000n\000v\000e\000x\000i\000t\000y\000,\000\040\000D\000u\000a\000l\000i\000t\000y\000,\000\040\000a\000n\000d\000\040\000E\000x\000i\000s\000t\000e\000n\000c\000e}{part.3}% 151
\BOOKMARK [1][-]{section.15.1}{\376\377\000I\000n\000t\000r\000o\000d\000u\000c\000t\000i\000o\000n}{chapter.15}% 152
\BOOKMARK [1][-]{section.15.2}{\376\377\000C\000o\000n\000v\000e\000x\000\040\000S\000e\000t\000s}{chapter.15}% 153
\BOOKMARK [1][-]{section.15.3}{\376\377\000C\000o\000n\000v\000e\000x\000\040\000F\000u\000n\000c\000t\000i\000o\000n\000a\000l\000s}{chapter.15}% 154
\BOOKMARK [1][-]{section.15.4}{\376\377\000C\000o\000e\000r\000c\000i\000v\000i\000t\000y}{chapter.15}% 155
\BOOKMARK [1][-]{section.15.5}{\376\377\000E\000x\000i\000s\000t\000e\000n\000c\000e\000\040\000o\000f\000\040\000O\000p\000t\000i\000m\000a\000l\000\040\000I\000n\000f\000r\000a\000s\000t\000r\000u\000c\000t\000u\000r\000e}{chapter.15}% 156
\BOOKMARK [1][-]{section.15.6}{\376\377\000E\000q\000u\000a\000l\000i\000t\000y\000\040\000C\000o\000n\000s\000t\000r\000a\000i\000n\000t\000s}{chapter.15}% 157
\BOOKMARK [1][-]{section.15.7}{\376\377\000L\000a\000g\000r\000a\000n\000g\000e\000\040\000M\000u\000l\000t\000i\000p\000l\000i\000e\000r\000s}{chapter.15}% 158
\BOOKMARK [1][-]{section.15.8}{\376\377\000I\000n\000e\000q\000u\000a\000l\000i\000t\000y\000\040\000C\000o\000n\000s\000t\000r\000a\000i\000n\000t\000s}{chapter.15}% 159
\BOOKMARK [1][-]{section.15.9}{\376\377\000K\000a\000r\000u\000s\000h\040\023\000K\000u\000h\000n\040\023\000T\000u\000c\000k\000e\000r\000\040\000C\000o\000n\000d\000i\000t\000i\000o\000n\000s}{chapter.15}% 160
\BOOKMARK [1][-]{section.15.10}{\376\377\000S\000e\000n\000s\000i\000t\000i\000v\000i\000t\000y\000\040\000A\000n\000a\000l\000y\000s\000i\000s}{chapter.15}% 161
\BOOKMARK [1][-]{section.15.11}{\376\377\000D\000i\000s\000c\000u\000s\000s\000i\000o\000n}{chapter.15}% 162
\BOOKMARK [-1][-]{part.4}{\376\377\000I\000V\000\040\000O\000p\000t\000i\000m\000a\000l\000\040\000C\000o\000n\000t\000r\000o\000l\000\040\000a\000n\000d\000\040\000A\000d\000a\000p\000t\000i\000v\000e\000\040\000I\000n\000f\000r\000a\000s\000t\000r\000u\000c\000t\000u\000r\000e}{}% 163
\BOOKMARK [0][-]{chapter.16}{\376\377\000D\000y\000n\000a\000m\000i\000c\000\040\000I\000n\000f\000r\000a\000s\000t\000r\000u\000c\000t\000u\000r\000e\000\040\000S\000y\000s\000t\000e\000m\000s}{part.4}% 164
\BOOKMARK [1][-]{section.16.1}{\376\377\000I\000n\000t\000r\000o\000d\000u\000c\000t\000i\000o\000n}{chapter.16}% 165
\BOOKMARK [1][-]{section.16.2}{\376\377\000I\000n\000f\000r\000a\000s\000t\000r\000u\000c\000t\000u\000r\000e\000\040\000S\000t\000a\000t\000e\000\040\000S\000p\000a\000c\000e}{chapter.16}% 166
\BOOKMARK [1][-]{section.16.3}{\376\377\000C\000o\000n\000t\000r\000o\000l\000\040\000V\000a\000r\000i\000a\000b\000l\000e\000s}{chapter.16}% 167
\BOOKMARK [1][-]{section.16.4}{\376\377\000S\000t\000a\000t\000e\000\040\000E\000q\000u\000a\000t\000i\000o\000n\000s}{chapter.16}% 168
\BOOKMARK [1][-]{section.16.5}{\376\377\000R\000e\000a\000c\000h\000a\000b\000i\000l\000i\000t\000y}{chapter.16}% 169
\BOOKMARK [1][-]{section.16.6}{\376\377\000T\000r\000a\000j\000e\000c\000t\000o\000r\000y\000\040\000O\000p\000t\000i\000m\000i\000z\000a\000t\000i\000o\000n}{chapter.16}% 170
\BOOKMARK [1][-]{section.16.7}{\376\377\000T\000h\000e\000\040\000P\000r\000i\000n\000c\000i\000p\000l\000e\000\040\000o\000f\000\040\000O\000p\000t\000i\000m\000a\000l\000\040\000O\000p\000e\000r\000a\000t\000i\000o\000n}{chapter.16}% 171
\BOOKMARK [1][-]{section.16.8}{\376\377\000T\000h\000e\000\040\000H\000a\000m\000i\000l\000t\000o\000n\000i\000a\000n}{chapter.16}% 172
\BOOKMARK [1][-]{section.16.9}{\376\377\000P\000o\000n\000t\000r\000y\000a\000g\000i\000n\000'\000s\000\040\000M\000a\000x\000i\000m\000u\000m\000\040\000P\000r\000i\000n\000c\000i\000p\000l\000e}{chapter.16}% 173
\BOOKMARK [1][-]{section.16.10}{\376\377\000I\000n\000t\000e\000r\000p\000r\000e\000t\000a\000t\000i\000o\000n}{chapter.16}% 174
\BOOKMARK [1][-]{section.16.11}{\376\377\000F\000e\000e\000d\000b\000a\000c\000k\000\040\000C\000o\000n\000t\000r\000o\000l}{chapter.16}% 175
\BOOKMARK [1][-]{section.16.12}{\376\377\000L\000y\000a\000p\000u\000n\000o\000v\000\040\000S\000t\000a\000b\000i\000l\000i\000t\000y}{chapter.16}% 176
\BOOKMARK [1][-]{section.16.13}{\376\377\000I\000n\000f\000r\000a\000s\000t\000r\000u\000c\000t\000u\000r\000e\000\040\000R\000e\000s\000i\000l\000i\000e\000n\000c\000e}{chapter.16}% 177
\BOOKMARK [1][-]{section.16.14}{\376\377\000T\000i\000m\000e\000\040\000S\000c\000a\000l\000e\000s}{chapter.16}% 178
\BOOKMARK [1][-]{section.16.15}{\376\377\000T\000o\000w\000a\000r\000d\000\040\000P\000r\000e\000d\000i\000c\000t\000i\000v\000e\000\040\000C\000o\000n\000t\000r\000o\000l}{chapter.16}% 179
\BOOKMARK [0][-]{chapter.17}{\376\377\000M\000o\000d\000e\000l\000\040\000P\000r\000e\000d\000i\000c\000t\000i\000v\000e\000\040\000C\000o\000n\000t\000r\000o\000l}{part.4}% 180
\BOOKMARK [1][-]{section.17.1}{\376\377\000I\000n\000t\000r\000o\000d\000u\000c\000t\000i\000o\000n}{chapter.17}% 181
\BOOKMARK [1][-]{section.17.2}{\376\377\000P\000r\000e\000d\000i\000c\000t\000i\000o\000n\000\040\000H\000o\000r\000i\000z\000o\000n}{chapter.17}% 182
\BOOKMARK [1][-]{section.17.3}{\376\377\000R\000o\000l\000l\000i\000n\000g\000\040\000O\000p\000t\000i\000m\000i\000z\000a\000t\000i\000o\000n}{chapter.17}% 183
\BOOKMARK [1][-]{section.17.4}{\376\377\000S\000t\000a\000t\000e\000\040\000E\000s\000t\000i\000m\000a\000t\000i\000o\000n}{chapter.17}% 184
\BOOKMARK [1][-]{section.17.5}{\376\377\000D\000i\000s\000t\000u\000r\000b\000a\000n\000c\000e\000s}{chapter.17}% 185
\BOOKMARK [1][-]{section.17.6}{\376\377\000C\000o\000n\000s\000t\000r\000a\000i\000n\000t\000\040\000S\000a\000t\000i\000s\000f\000a\000c\000t\000i\000o\000n}{chapter.17}% 186
\BOOKMARK [1][-]{section.17.7}{\376\377\000T\000e\000r\000m\000i\000n\000a\000l\000\040\000C\000o\000n\000s\000t\000r\000a\000i\000n\000t\000s}{chapter.17}% 187
\BOOKMARK [1][-]{section.17.8}{\376\377\000R\000e\000c\000u\000r\000s\000i\000v\000e\000\040\000F\000e\000a\000s\000i\000b\000i\000l\000i\000t\000y}{chapter.17}% 188
\BOOKMARK [1][-]{section.17.9}{\376\377\000D\000i\000s\000t\000r\000i\000b\000u\000t\000e\000d\000\040\000P\000r\000e\000d\000i\000c\000t\000i\000v\000e\000\040\000C\000o\000n\000t\000r\000o\000l}{chapter.17}% 189
\BOOKMARK [1][-]{section.17.10}{\376\377\000H\000i\000e\000r\000a\000r\000c\000h\000i\000c\000a\000l\000\040\000P\000r\000e\000d\000i\000c\000t\000i\000v\000e\000\040\000C\000o\000n\000t\000r\000o\000l}{chapter.17}% 190
\BOOKMARK [1][-]{section.17.11}{\376\377\000P\000r\000o\000t\000o\000c\000o\000l\000\040\000P\000r\000e\000s\000e\000r\000v\000a\000t\000i\000o\000n}{chapter.17}% 191
\BOOKMARK [1][-]{section.17.12}{\376\377\000I\000n\000f\000r\000a\000s\000t\000r\000u\000c\000t\000u\000r\000e\000\040\000I\000n\000e\000r\000t\000i\000a}{chapter.17}% 192
\BOOKMARK [1][-]{section.17.13}{\376\377\000A\000d\000a\000p\000t\000i\000v\000e\000\040\000C\000a\000p\000a\000c\000i\000t\000y}{chapter.17}% 193
\BOOKMARK [1][-]{section.17.14}{\376\377\000D\000i\000s\000c\000u\000s\000s\000i\000o\000n}{chapter.17}% 194
\BOOKMARK [0][-]{chapter.18}{\376\377\000M\000u\000l\000t\000i\000s\000c\000a\000l\000e\000\040\000P\000l\000a\000n\000n\000i\000n\000g\000\040\000a\000n\000d\000\040\000C\000i\000v\000i\000l\000i\000z\000a\000t\000i\000o\000n\000a\000l\000\040\000T\000i\000m\000e\000s\000c\000a\000l\000e\000s}{part.4}% 195
\BOOKMARK [1][-]{section.18.1}{\376\377\000I\000n\000t\000r\000o\000d\000u\000c\000t\000i\000o\000n}{chapter.18}% 196
\BOOKMARK [1][-]{section.18.2}{\376\377\000T\000e\000m\000p\000o\000r\000a\000l\000\040\000H\000i\000e\000r\000a\000r\000c\000h\000y}{chapter.18}% 197
\BOOKMARK [1][-]{section.18.3}{\376\377\000N\000e\000s\000t\000e\000d\000\040\000D\000y\000n\000a\000m\000i\000c\000s}{chapter.18}% 198
\BOOKMARK [1][-]{section.18.4}{\376\377\000S\000l\000o\000w\000\040\000M\000a\000n\000i\000f\000o\000l\000d\000s}{chapter.18}% 199
\BOOKMARK [1][-]{section.18.5}{\376\377\000I\000n\000f\000r\000a\000s\000t\000r\000u\000c\000t\000u\000r\000e\000\040\000M\000e\000m\000o\000r\000y}{chapter.18}% 200
\BOOKMARK [1][-]{section.18.6}{\376\377\000P\000a\000t\000h\000\040\000D\000e\000p\000e\000n\000d\000e\000n\000c\000e}{chapter.18}% 201
\BOOKMARK [1][-]{section.18.7}{\376\377\000I\000r\000r\000e\000v\000e\000r\000s\000i\000b\000l\000e\000\040\000I\000n\000v\000e\000s\000t\000m\000e\000n\000t}{chapter.18}% 202
\BOOKMARK [1][-]{section.18.8}{\376\377\000I\000n\000f\000r\000a\000s\000t\000r\000u\000c\000t\000u\000r\000e\000\040\000M\000o\000m\000e\000n\000t\000u\000m}{chapter.18}% 203
\BOOKMARK [1][-]{section.18.9}{\376\377\000D\000e\000v\000e\000l\000o\000p\000m\000e\000n\000t\000\040\000T\000r\000a\000j\000e\000c\000t\000o\000r\000i\000e\000s}{chapter.18}% 204
\BOOKMARK [1][-]{section.18.10}{\376\377\000G\000e\000n\000e\000r\000a\000t\000i\000o\000n\000a\000l\000\040\000O\000p\000t\000i\000m\000i\000z\000a\000t\000i\000o\000n}{chapter.18}% 205
\BOOKMARK [1][-]{section.18.11}{\376\377\000P\000r\000o\000t\000o\000c\000o\000l\000\040\000E\000v\000o\000l\000u\000t\000i\000o\000n}{chapter.18}% 206
\BOOKMARK [1][-]{section.18.12}{\376\377\000C\000i\000v\000i\000l\000i\000z\000a\000t\000i\000o\000n\000a\000l\000\040\000C\000o\000n\000t\000i\000n\000u\000i\000t\000y}{chapter.18}% 207
\BOOKMARK [1][-]{section.18.13}{\376\377\000D\000i\000s\000c\000u\000s\000s\000i\000o\000n}{chapter.18}% 208
\BOOKMARK [0][-]{chapter.19}{\376\377\000R\000e\000s\000i\000l\000i\000e\000n\000c\000e\000,\000\040\000R\000e\000c\000o\000v\000e\000r\000y\000,\000\040\000a\000n\000d\000\040\000C\000o\000n\000t\000i\000n\000u\000a\000t\000i\000o\000n}{part.4}% 209
\BOOKMARK [1][-]{section.19.1}{\376\377\000I\000n\000t\000r\000o\000d\000u\000c\000t\000i\000o\000n}{chapter.19}% 210
\BOOKMARK [1][-]{section.19.2}{\376\377\000O\000p\000e\000r\000a\000t\000i\000o\000n\000a\000l\000\040\000S\000t\000a\000t\000e\000\040\000S\000p\000a\000c\000e}{chapter.19}% 211
\BOOKMARK [1][-]{section.19.3}{\376\377\000P\000e\000r\000t\000u\000r\000b\000a\000t\000i\000o\000n\000s}{chapter.19}% 212
\BOOKMARK [1][-]{section.19.4}{\376\377\000R\000e\000c\000o\000v\000e\000r\000y\000\040\000T\000r\000a\000j\000e\000c\000t\000o\000r\000i\000e\000s}{chapter.19}% 213
\BOOKMARK [1][-]{section.19.5}{\376\377\000C\000o\000n\000t\000i\000n\000u\000a\000t\000i\000o\000n\000\040\000P\000r\000i\000n\000c\000i\000p\000l\000e}{chapter.19}% 214
\BOOKMARK [1][-]{section.19.6}{\376\377\000R\000e\000c\000o\000v\000e\000r\000y\000\040\000D\000i\000s\000t\000a\000n\000c\000e}{chapter.19}% 215
\BOOKMARK [1][-]{section.19.7}{\376\377\000R\000e\000s\000i\000l\000i\000e\000n\000c\000e\000\040\000B\000a\000s\000i\000n}{chapter.19}% 216
\BOOKMARK [1][-]{section.19.8}{\376\377\000G\000r\000a\000c\000e\000f\000u\000l\000\040\000D\000e\000g\000r\000a\000d\000a\000t\000i\000o\000n}{chapter.19}% 217
\BOOKMARK [1][-]{section.19.9}{\376\377\000C\000r\000i\000t\000i\000c\000a\000l\000\040\000S\000e\000r\000v\000i\000c\000e\000s}{chapter.19}% 218
\BOOKMARK [1][-]{section.19.10}{\376\377\000R\000e\000d\000u\000n\000d\000a\000n\000c\000y}{chapter.19}% 219
\BOOKMARK [1][-]{section.19.11}{\376\377\000N\000e\000t\000w\000o\000r\000k\000\040\000C\000o\000n\000n\000e\000c\000t\000i\000v\000i\000t\000y}{chapter.19}% 220
\BOOKMARK [1][-]{section.19.12}{\376\377\000M\000i\000n\000i\000m\000u\000m\000\040\000R\000e\000c\000o\000v\000e\000r\000y\000\040\000S\000e\000t\000s}{chapter.19}% 221
\BOOKMARK [1][-]{section.19.13}{\376\377\000R\000e\000c\000o\000v\000e\000r\000y\000\040\000S\000c\000h\000e\000d\000u\000l\000i\000n\000g}{chapter.19}% 222
\BOOKMARK [1][-]{section.19.14}{\376\377\000R\000e\000s\000i\000l\000i\000e\000n\000c\000e\000\040\000F\000u\000n\000c\000t\000i\000o\000n\000a\000l}{chapter.19}% 223
\BOOKMARK [1][-]{section.19.15}{\376\377\000D\000i\000s\000c\000u\000s\000s\000i\000o\000n}{chapter.19}% 224
\BOOKMARK [0][-]{chapter.20}{\376\377\000T\000o\000p\000o\000l\000o\000g\000y\000\040\000a\000n\000d\000\040\000G\000e\000o\000m\000e\000t\000r\000y\000\040\000o\000f\000\040\000I\000n\000f\000r\000a\000s\000t\000r\000u\000c\000t\000u\000r\000e\000\040\000N\000e\000t\000w\000o\000r\000k\000s}{part.4}% 225
\BOOKMARK [1][-]{section.20.1}{\376\377\000I\000n\000t\000r\000o\000d\000u\000c\000t\000i\000o\000n}{chapter.20}% 226
\BOOKMARK [1][-]{section.20.2}{\376\377\000I\000n\000f\000r\000a\000s\000t\000r\000u\000c\000t\000u\000r\000e\000\040\000G\000r\000a\000p\000h\000s}{chapter.20}% 227
\BOOKMARK [1][-]{section.20.3}{\376\377\000P\000a\000t\000h\000s}{chapter.20}% 228
\BOOKMARK [1][-]{section.20.4}{\376\377\000C\000y\000c\000l\000e\000s}{chapter.20}% 229
\BOOKMARK [1][-]{section.20.5}{\376\377\000T\000r\000e\000e\000s}{chapter.20}% 230
\BOOKMARK [1][-]{section.20.6}{\376\377\000C\000o\000n\000n\000e\000c\000t\000i\000v\000i\000t\000y}{chapter.20}% 231
\BOOKMARK [1][-]{section.20.7}{\376\377\000C\000o\000n\000n\000e\000c\000t\000e\000d\000\040\000C\000o\000m\000p\000o\000n\000e\000n\000t\000s}{chapter.20}% 232
\BOOKMARK [1][-]{section.20.8}{\376\377\000E\000d\000g\000e\000\040\000C\000u\000t\000s}{chapter.20}% 233
\BOOKMARK [1][-]{section.20.9}{\376\377\000V\000e\000r\000t\000e\000x\000\040\000C\000u\000t\000s}{chapter.20}% 234
\BOOKMARK [1][-]{section.20.10}{\376\377\000B\000r\000i\000d\000g\000e\000\040\000E\000d\000g\000e\000s}{chapter.20}% 235
\BOOKMARK [1][-]{section.20.11}{\376\377\000C\000y\000c\000l\000e\000\040\000S\000p\000a\000c\000e}{chapter.20}% 236
\BOOKMARK [1][-]{section.20.12}{\376\377\000I\000n\000c\000i\000d\000e\000n\000c\000e\000\040\000M\000a\000t\000r\000i\000x}{chapter.20}% 237
\BOOKMARK [1][-]{section.20.13}{\376\377\000G\000r\000a\000p\000h\000\040\000L\000a\000p\000l\000a\000c\000i\000a\000n}{chapter.20}% 238
\BOOKMARK [1][-]{section.20.14}{\376\377\000A\000l\000g\000e\000b\000r\000a\000i\000c\000\040\000C\000o\000n\000n\000e\000c\000t\000i\000v\000i\000t\000y}{chapter.20}% 239
\BOOKMARK [1][-]{section.20.15}{\376\377\000T\000o\000p\000o\000l\000o\000g\000i\000c\000a\000l\000\040\000R\000e\000s\000i\000l\000i\000e\000n\000c\000e}{chapter.20}% 240
\BOOKMARK [1][-]{section.20.16}{\376\377\000H\000i\000e\000r\000a\000r\000c\000h\000i\000c\000a\000l\000\040\000N\000e\000t\000w\000o\000r\000k\000s}{chapter.20}% 241
\BOOKMARK [1][-]{section.20.17}{\376\377\000D\000i\000s\000c\000u\000s\000s\000i\000o\000n}{chapter.20}% 242
\BOOKMARK [0][-]{chapter.21}{\376\377\000G\000r\000a\000p\000h\000s\000\040\000E\000m\000b\000e\000d\000d\000e\000d\000\040\000o\000n\000\040\000M\000a\000n\000i\000f\000o\000l\000d\000s}{part.4}% 243
\BOOKMARK [1][-]{section.21.1}{\376\377\000I\000n\000t\000r\000o\000d\000u\000c\000t\000i\000o\000n}{chapter.21}% 244
\BOOKMARK [1][-]{section.21.2}{\376\377\000T\000h\000e\000\040\000U\000n\000d\000e\000r\000l\000y\000i\000n\000g\000\040\000M\000a\000n\000i\000f\000o\000l\000d}{chapter.21}% 245
\BOOKMARK [1][-]{section.21.3}{\376\377\000E\000m\000b\000e\000d\000d\000e\000d\000\040\000G\000r\000a\000p\000h\000s}{chapter.21}% 246
\BOOKMARK [1][-]{section.21.4}{\376\377\000E\000d\000g\000e\000\040\000L\000e\000n\000g\000t\000h}{chapter.21}% 247
\BOOKMARK [1][-]{section.21.5}{\376\377\000G\000e\000o\000d\000e\000s\000i\000c\000\040\000C\000o\000r\000r\000i\000d\000o\000r\000s}{chapter.21}% 248
\BOOKMARK [1][-]{section.21.6}{\376\377\000T\000e\000r\000r\000a\000i\000n\000\040\000P\000o\000t\000e\000n\000t\000i\000a\000l}{chapter.21}% 249
\BOOKMARK [1][-]{section.21.7}{\376\377\000W\000e\000i\000g\000h\000t\000e\000d\000\040\000G\000e\000o\000d\000e\000s\000i\000c\000s}{chapter.21}% 250
\BOOKMARK [1][-]{section.21.8}{\376\377\000C\000u\000r\000v\000a\000t\000u\000r\000e\000\040\000a\000n\000d\000\040\000R\000o\000u\000t\000i\000n\000g}{chapter.21}% 251
\BOOKMARK [1][-]{section.21.9}{\376\377\000D\000i\000s\000c\000r\000e\000t\000e\000\040\000C\000u\000r\000v\000a\000t\000u\000r\000e}{chapter.21}% 252
\BOOKMARK [1][-]{section.21.10}{\376\377\000C\000o\000n\000t\000i\000n\000u\000o\000u\000s\040\023\000D\000i\000s\000c\000r\000e\000t\000e\000\040\000C\000o\000u\000p\000l\000i\000n\000g}{chapter.21}% 253
\BOOKMARK [1][-]{section.21.11}{\376\377\000E\000n\000e\000r\000g\000y\000\040\000o\000f\000\040\000a\000n\000\040\000E\000m\000b\000e\000d\000d\000e\000d\000\040\000N\000e\000t\000w\000o\000r\000k}{chapter.21}% 254
\BOOKMARK [1][-]{section.21.12}{\376\377\000E\000m\000b\000e\000d\000d\000e\000d\000\040\000F\000l\000o\000w\000\040\000E\000q\000u\000a\000t\000i\000o\000n\000s}{chapter.21}% 255
\BOOKMARK [1][-]{section.21.13}{\376\377\000S\000c\000a\000l\000e\000\040\000S\000e\000p\000a\000r\000a\000t\000i\000o\000n}{chapter.21}% 256
\BOOKMARK [1][-]{section.21.14}{\376\377\000T\000h\000e\000\040\000E\000m\000b\000e\000d\000d\000e\000d\000\040\000N\000e\000t\000w\000o\000r\000k\000\040\000P\000r\000i\000n\000c\000i\000p\000l\000e}{chapter.21}% 257
\BOOKMARK [1][-]{section.21.15}{\376\377\000D\000i\000s\000c\000u\000s\000s\000i\000o\000n}{chapter.21}% 258
\BOOKMARK [-1][-]{part.5}{\376\377\000V\000\040\000S\000t\000o\000c\000h\000a\000s\000t\000i\000c\000\040\000I\000n\000f\000r\000a\000s\000t\000r\000u\000c\000t\000u\000r\000e\000\040\000T\000h\000e\000o\000r\000y}{}% 259
\BOOKMARK [0][-]{chapter.22}{\376\377\000U\000n\000c\000e\000r\000t\000a\000i\000n\000t\000y\000,\000\040\000R\000a\000n\000d\000o\000m\000\040\000F\000i\000e\000l\000d\000s\000,\000\040\000a\000n\000d\000\040\000P\000r\000o\000b\000a\000b\000i\000l\000i\000s\000t\000i\000c\000\040\000I\000n\000f\000r\000a\000s\000t\000r\000u\000c\000t\000u\000r\000e}{part.5}% 260
\BOOKMARK [1][-]{section.22.1}{\376\377\000I\000n\000t\000r\000o\000d\000u\000c\000t\000i\000o\000n}{chapter.22}% 261
\BOOKMARK [1][-]{section.22.2}{\376\377\000P\000r\000o\000b\000a\000b\000i\000l\000i\000t\000y\000\040\000S\000p\000a\000c\000e}{chapter.22}% 262
\BOOKMARK [1][-]{section.22.3}{\376\377\000R\000a\000n\000d\000o\000m\000\040\000I\000n\000f\000r\000a\000s\000t\000r\000u\000c\000t\000u\000r\000e\000\040\000S\000t\000a\000t\000e\000s}{chapter.22}% 263
\BOOKMARK [1][-]{section.22.4}{\376\377\000R\000a\000n\000d\000o\000m\000\040\000F\000i\000e\000l\000d\000s}{chapter.22}% 264
\BOOKMARK [1][-]{section.22.5}{\376\377\000R\000a\000n\000d\000o\000m\000\040\000D\000e\000m\000a\000n\000d}{chapter.22}% 265
\BOOKMARK [1][-]{section.22.6}{\376\377\000F\000a\000i\000l\000u\000r\000e\000\040\000P\000r\000o\000c\000e\000s\000s\000e\000s}{chapter.22}% 266
\BOOKMARK [1][-]{section.22.7}{\376\377\000R\000e\000l\000i\000a\000b\000i\000l\000i\000t\000y}{chapter.22}% 267
\BOOKMARK [1][-]{section.22.8}{\376\377\000E\000x\000p\000e\000c\000t\000e\000d\000\040\000C\000o\000s\000t}{chapter.22}% 268
\BOOKMARK [1][-]{section.22.9}{\376\377\000C\000h\000a\000n\000c\000e\000\040\000C\000o\000n\000s\000t\000r\000a\000i\000n\000t\000s}{chapter.22}% 269
\BOOKMARK [1][-]{section.22.10}{\376\377\000S\000c\000e\000n\000a\000r\000i\000o\000\040\000O\000p\000t\000i\000m\000i\000z\000a\000t\000i\000o\000n}{chapter.22}% 270
\BOOKMARK [1][-]{section.22.11}{\376\377\000R\000i\000s\000k\000\040\000M\000e\000a\000s\000u\000r\000e\000s}{chapter.22}% 271
\BOOKMARK [1][-]{section.22.12}{\376\377\000S\000t\000o\000c\000h\000a\000s\000t\000i\000c\000\040\000R\000e\000s\000i\000l\000i\000e\000n\000c\000e}{chapter.22}% 272
\BOOKMARK [1][-]{section.22.13}{\376\377\000A\000d\000a\000p\000t\000i\000v\000e\000\040\000L\000e\000a\000r\000n\000i\000n\000g}{chapter.22}% 273
\BOOKMARK [1][-]{section.22.14}{\376\377\000T\000h\000e\000\040\000P\000r\000i\000n\000c\000i\000p\000l\000e\000\040\000o\000f\000\040\000P\000r\000o\000b\000a\000b\000i\000l\000i\000s\000t\000i\000c\000\040\000S\000u\000f\000f\000i\000c\000i\000e\000n\000c\000y}{chapter.22}% 274
\BOOKMARK [1][-]{section.22.15}{\376\377\000D\000i\000s\000c\000u\000s\000s\000i\000o\000n}{chapter.22}% 275
\BOOKMARK [0][-]{chapter.23}{\376\377\000R\000o\000b\000u\000s\000t\000\040\000O\000p\000t\000i\000m\000i\000z\000a\000t\000i\000o\000n\000\040\000a\000n\000d\000\040\000A\000d\000v\000e\000r\000s\000a\000r\000i\000a\000l\000\040\000I\000n\000f\000r\000a\000s\000t\000r\000u\000c\000t\000u\000r\000e}{part.5}% 276
\BOOKMARK [1][-]{section.23.1}{\376\377\000I\000n\000t\000r\000o\000d\000u\000c\000t\000i\000o\000n}{chapter.23}% 277
\BOOKMARK [1][-]{section.23.2}{\376\377\000U\000n\000c\000e\000r\000t\000a\000i\000n\000t\000y\000\040\000S\000e\000t\000s}{chapter.23}% 278
\BOOKMARK [1][-]{section.23.3}{\376\377\000W\000o\000r\000s\000t\000-\000C\000a\000s\000e\000\040\000O\000p\000t\000i\000m\000i\000z\000a\000t\000i\000o\000n}{chapter.23}% 279
\BOOKMARK [1][-]{section.23.4}{\376\377\000M\000i\000n\000i\000m\000a\000x\000\040\000I\000n\000t\000e\000r\000p\000r\000e\000t\000a\000t\000i\000o\000n}{chapter.23}% 280
\BOOKMARK [1][-]{section.23.5}{\376\377\000R\000o\000b\000u\000s\000t\000\040\000F\000e\000a\000s\000i\000b\000i\000l\000i\000t\000y}{chapter.23}% 281
\BOOKMARK [1][-]{section.23.6}{\376\377\000P\000e\000r\000f\000o\000r\000m\000a\000n\000c\000e\000\040\000R\000e\000g\000r\000e\000t}{chapter.23}% 282
\BOOKMARK [1][-]{section.23.7}{\376\377\000R\000o\000b\000u\000s\000t\000\040\000C\000o\000r\000r\000i\000d\000o\000r\000\040\000C\000a\000p\000a\000c\000i\000t\000y}{chapter.23}% 283
\BOOKMARK [1][-]{section.23.8}{\376\377\000B\000u\000d\000g\000e\000t\000\040\000U\000n\000c\000e\000r\000t\000a\000i\000n\000t\000y}{chapter.23}% 284
\BOOKMARK [1][-]{section.23.9}{\376\377\000F\000a\000i\000l\000u\000r\000e\000\040\000T\000o\000l\000e\000r\000a\000n\000c\000e}{chapter.23}% 285
\BOOKMARK [1][-]{section.23.10}{\376\377\000A\000d\000v\000e\000r\000s\000a\000r\000i\000a\000l\000\040\000R\000o\000u\000t\000i\000n\000g}{chapter.23}% 286
\BOOKMARK [1][-]{section.23.11}{\376\377\000R\000o\000b\000u\000s\000t\000n\000e\000s\000s\000\040\000M\000a\000r\000g\000i\000n}{chapter.23}% 287
\BOOKMARK [1][-]{section.23.12}{\376\377\000T\000r\000a\000d\000e\000-\000o\000f\000f\000s}{chapter.23}% 288
\BOOKMARK [1][-]{section.23.13}{\376\377\000A\000d\000a\000p\000t\000i\000v\000e\000\040\000R\000o\000b\000u\000s\000t\000n\000e\000s\000s}{chapter.23}% 289
\BOOKMARK [1][-]{section.23.14}{\376\377\000D\000i\000s\000c\000u\000s\000s\000i\000o\000n}{chapter.23}% 290
\BOOKMARK [0][-]{chapter.24}{\376\377\000A\000\040\000U\000n\000i\000f\000i\000e\000d\000\040\000T\000h\000e\000o\000r\000y\000\040\000o\000f\000\040\000A\000d\000a\000p\000t\000i\000v\000e\000\040\000I\000n\000f\000r\000a\000s\000t\000r\000u\000c\000t\000u\000r\000e}{part.5}% 291
\BOOKMARK [1][-]{section.24.1}{\376\377\000I\000n\000t\000r\000o\000d\000u\000c\000t\000i\000o\000n}{chapter.24}% 292
\BOOKMARK [1][-]{section.24.2}{\376\377\000T\000h\000e\000\040\000I\000n\000f\000r\000a\000s\000t\000r\000u\000c\000t\000u\000r\000e\000\040\000S\000y\000s\000t\000e\000m}{chapter.24}% 293
\BOOKMARK [1][-]{section.24.3}{\376\377\000S\000t\000a\000t\000e\000\040\000E\000v\000o\000l\000u\000t\000i\000o\000n}{chapter.24}% 294
\BOOKMARK [1][-]{section.24.4}{\376\377\000I\000n\000f\000r\000a\000s\000t\000r\000u\000c\000t\000u\000r\000e\000\040\000H\000i\000s\000t\000o\000r\000i\000e\000s}{chapter.24}% 295
\BOOKMARK [1][-]{section.24.5}{\376\377\000U\000n\000i\000v\000e\000r\000s\000a\000l\000\040\000O\000b\000j\000e\000c\000t\000i\000v\000e\000\040\000F\000u\000n\000c\000t\000i\000o\000n\000a\000l}{chapter.24}% 296
\BOOKMARK [1][-]{section.24.6}{\376\377\000S\000p\000e\000c\000i\000a\000l\000\040\000C\000a\000s\000e\000s}{chapter.24}% 297
\BOOKMARK [1][-]{section.24.7}{\376\377\000I\000n\000f\000r\000a\000s\000t\000r\000u\000c\000t\000u\000r\000e\000\040\000C\000o\000n\000s\000t\000r\000a\000i\000n\000t\000s}{chapter.24}% 298
\BOOKMARK [1][-]{section.24.8}{\376\377\000G\000e\000o\000m\000e\000t\000r\000y\000\040\000a\000n\000d\000\040\000T\000o\000p\000o\000l\000o\000g\000y}{chapter.24}% 299
\BOOKMARK [1][-]{section.24.9}{\376\377\000T\000e\000m\000p\000o\000r\000a\000l\000\040\000S\000t\000r\000u\000c\000t\000u\000r\000e}{chapter.24}% 300
\BOOKMARK [1][-]{section.24.10}{\376\377\000R\000e\000s\000i\000l\000i\000e\000n\000c\000e}{chapter.24}% 301
\BOOKMARK [1][-]{section.24.11}{\376\377\000L\000e\000a\000r\000n\000i\000n\000g}{chapter.24}% 302
\BOOKMARK [1][-]{section.24.12}{\376\377\000A\000d\000a\000p\000t\000a\000t\000i\000o\000n}{chapter.24}% 303
\BOOKMARK [1][-]{section.24.13}{\376\377\000U\000n\000i\000f\000i\000e\000d\000\040\000O\000p\000t\000i\000m\000i\000z\000a\000t\000i\000o\000n\000\040\000P\000r\000i\000n\000c\000i\000p\000l\000e}{chapter.24}% 304
\BOOKMARK [1][-]{section.24.14}{\376\377\000M\000a\000t\000h\000e\000m\000a\000t\000i\000c\000a\000l\000\040\000I\000n\000t\000e\000r\000p\000r\000e\000t\000a\000t\000i\000o\000n}{chapter.24}% 305
\BOOKMARK [1][-]{section.24.15}{\376\377\000T\000o\000w\000a\000r\000d\000\040\000I\000n\000f\000r\000a\000s\000t\000r\000u\000c\000t\000u\000r\000e\000\040\000S\000c\000i\000e\000n\000c\000e}{chapter.24}% 306
\BOOKMARK [1][-]{section.24.16}{\376\377\000C\000o\000n\000c\000l\000u\000d\000i\000n\000g\000\040\000R\000e\000m\000a\000r\000k\000s}{chapter.24}% 307
\BOOKMARK [-1][-]{part.6}{\376\377\000V\000I\000\040\000A\000p\000p\000l\000i\000c\000a\000t\000i\000o\000n\000s\000\040\000a\000n\000d\000\040\000C\000a\000s\000e\000\040\000S\000t\000u\000d\000i\000e\000s}{}% 308
\BOOKMARK [0][-]{chapter.25}{\376\377\000E\000l\000e\000c\000t\000r\000i\000c\000a\000l\000\040\000P\000o\000w\000e\000r\000\040\000N\000e\000t\000w\000o\000r\000k\000s}{part.6}% 309
\BOOKMARK [1][-]{section.25.1}{\376\377\000I\000n\000t\000r\000o\000d\000u\000c\000t\000i\000o\000n}{chapter.25}% 310
\BOOKMARK [1][-]{section.25.2}{\376\377\000N\000e\000t\000w\000o\000r\000k\000\040\000R\000e\000p\000r\000e\000s\000e\000n\000t\000a\000t\000i\000o\000n}{chapter.25}% 311
\BOOKMARK [1][-]{section.25.3}{\376\377\000P\000o\000w\000e\000r\000\040\000B\000a\000l\000a\000n\000c\000e}{chapter.25}% 312
\BOOKMARK [1][-]{section.25.4}{\376\377\000D\000C\000\040\000P\000o\000w\000e\000r\000\040\000F\000l\000o\000w}{chapter.25}% 313
\BOOKMARK [1][-]{section.25.5}{\376\377\000C\000a\000p\000a\000c\000i\000t\000y\000\040\000C\000o\000n\000s\000t\000r\000a\000i\000n\000t\000s}{chapter.25}% 314
\BOOKMARK [1][-]{section.25.6}{\376\377\000G\000e\000n\000e\000r\000a\000t\000i\000o\000n\000\040\000C\000o\000n\000s\000t\000r\000a\000i\000n\000t\000s}{chapter.25}% 315
\BOOKMARK [1][-]{section.25.7}{\376\377\000E\000c\000o\000n\000o\000m\000i\000c\000\040\000D\000i\000s\000p\000a\000t\000c\000h}{chapter.25}% 316
\BOOKMARK [1][-]{section.25.8}{\376\377\000O\000p\000t\000i\000m\000a\000l\000\040\000P\000o\000w\000e\000r\000\040\000F\000l\000o\000w}{chapter.25}% 317
\BOOKMARK [1][-]{section.25.9}{\376\377\000E\000n\000e\000r\000g\000y\000\040\000S\000t\000o\000r\000a\000g\000e}{chapter.25}% 318
\BOOKMARK [1][-]{section.25.10}{\376\377\000R\000e\000n\000e\000w\000a\000b\000l\000e\000\040\000G\000e\000n\000e\000r\000a\000t\000i\000o\000n}{chapter.25}% 319
\BOOKMARK [1][-]{section.25.11}{\376\377\000G\000r\000i\000d\000\040\000S\000t\000a\000b\000i\000l\000i\000t\000y}{chapter.25}% 320
\BOOKMARK [1][-]{section.25.12}{\376\377\000C\000o\000n\000t\000i\000n\000g\000e\000n\000c\000y\000\040\000A\000n\000a\000l\000y\000s\000i\000s}{chapter.25}% 321
\BOOKMARK [1][-]{section.25.13}{\376\377\000A\000d\000a\000p\000t\000i\000v\000e\000\040\000G\000r\000i\000d\000\040\000O\000p\000e\000r\000a\000t\000i\000o\000n}{chapter.25}% 322
\BOOKMARK [1][-]{section.25.14}{\376\377\000I\000n\000f\000r\000a\000s\000t\000r\000u\000c\000t\000u\000r\000e\000\040\000G\000e\000o\000m\000e\000t\000r\000y}{chapter.25}% 323
\BOOKMARK [1][-]{section.25.15}{\376\377\000D\000i\000s\000c\000u\000s\000s\000i\000o\000n}{chapter.25}% 324
\BOOKMARK [0][-]{chapter.26}{\376\377\000H\000y\000d\000r\000a\000u\000l\000i\000c\000\040\000N\000e\000t\000w\000o\000r\000k\000s}{part.6}% 325
\BOOKMARK [1][-]{section.26.1}{\376\377\000I\000n\000t\000r\000o\000d\000u\000c\000t\000i\000o\000n}{chapter.26}% 326
\BOOKMARK [1][-]{section.26.2}{\376\377\000N\000e\000t\000w\000o\000r\000k\000\040\000R\000e\000p\000r\000e\000s\000e\000n\000t\000a\000t\000i\000o\000n}{chapter.26}% 327
\BOOKMARK [1][-]{section.26.3}{\376\377\000M\000a\000s\000s\000\040\000C\000o\000n\000s\000e\000r\000v\000a\000t\000i\000o\000n}{chapter.26}% 328
\BOOKMARK [1][-]{section.26.4}{\376\377\000E\000n\000e\000r\000g\000y\000\040\000C\000o\000n\000s\000e\000r\000v\000a\000t\000i\000o\000n}{chapter.26}% 329
\BOOKMARK [1][-]{section.26.5}{\376\377\000P\000i\000p\000e\000\040\000R\000e\000s\000i\000s\000t\000a\000n\000c\000e}{chapter.26}% 330
\BOOKMARK [1][-]{section.26.6}{\376\377\000P\000u\000m\000p\000\040\000D\000y\000n\000a\000m\000i\000c\000s}{chapter.26}% 331
\BOOKMARK [1][-]{section.26.7}{\376\377\000R\000e\000s\000e\000r\000v\000o\000i\000r\000\040\000D\000y\000n\000a\000m\000i\000c\000s}{chapter.26}% 332
\BOOKMARK [1][-]{section.26.8}{\376\377\000P\000r\000e\000s\000s\000u\000r\000e\000\040\000C\000o\000n\000s\000t\000r\000a\000i\000n\000t\000s}{chapter.26}% 333
\BOOKMARK [1][-]{section.26.9}{\376\377\000L\000e\000a\000k\000a\000g\000e}{chapter.26}% 334
\BOOKMARK [1][-]{section.26.10}{\376\377\000O\000p\000t\000i\000m\000a\000l\000\040\000P\000u\000m\000p\000\040\000S\000c\000h\000e\000d\000u\000l\000i\000n\000g}{chapter.26}% 335
\BOOKMARK [1][-]{section.26.11}{\376\377\000W\000a\000t\000e\000r\000\040\000Q\000u\000a\000l\000i\000t\000y}{chapter.26}% 336
\BOOKMARK [1][-]{section.26.12}{\376\377\000D\000r\000o\000u\000g\000h\000t\000\040\000a\000n\000d\000\040\000U\000n\000c\000e\000r\000t\000a\000i\000n\000t\000y}{chapter.26}% 337
\BOOKMARK [1][-]{section.26.13}{\376\377\000F\000a\000i\000l\000u\000r\000e\000\040\000R\000e\000c\000o\000v\000e\000r\000y}{chapter.26}% 338
\BOOKMARK [1][-]{section.26.14}{\376\377\000G\000e\000o\000m\000e\000t\000r\000y}{chapter.26}% 339
\BOOKMARK [1][-]{section.26.15}{\376\377\000D\000i\000s\000c\000u\000s\000s\000i\000o\000n}{chapter.26}% 340
\BOOKMARK [0][-]{chapter.27}{\376\377\000T\000r\000a\000n\000s\000p\000o\000r\000t\000a\000t\000i\000o\000n\000\040\000N\000e\000t\000w\000o\000r\000k\000s}{part.6}% 341
\BOOKMARK [1][-]{section.27.1}{\376\377\000I\000n\000t\000r\000o\000d\000u\000c\000t\000i\000o\000n}{chapter.27}% 342
\BOOKMARK [1][-]{section.27.2}{\376\377\000N\000e\000t\000w\000o\000r\000k\000\040\000R\000e\000p\000r\000e\000s\000e\000n\000t\000a\000t\000i\000o\000n}{chapter.27}% 343
\BOOKMARK [1][-]{section.27.3}{\376\377\000T\000r\000a\000f\000f\000i\000c\000\040\000D\000e\000n\000s\000i\000t\000y}{chapter.27}% 344
\BOOKMARK [1][-]{section.27.4}{\376\377\000C\000o\000n\000s\000e\000r\000v\000a\000t\000i\000o\000n\000\040\000o\000f\000\040\000V\000e\000h\000i\000c\000l\000e\000s}{chapter.27}% 345
\BOOKMARK [1][-]{section.27.5}{\376\377\000F\000u\000n\000d\000a\000m\000e\000n\000t\000a\000l\000\040\000D\000i\000a\000g\000r\000a\000m}{chapter.27}% 346
\BOOKMARK [1][-]{section.27.6}{\376\377\000T\000h\000e\000\040\000L\000i\000g\000h\000t\000h\000i\000l\000l\040\023\000W\000h\000i\000t\000h\000a\000m\040\023\000R\000i\000c\000h\000a\000r\000d\000s\000\040\000M\000o\000d\000e\000l}{chapter.27}% 347
\BOOKMARK [1][-]{section.27.7}{\376\377\000N\000o\000d\000e\000\040\000C\000o\000n\000s\000e\000r\000v\000a\000t\000i\000o\000n}{chapter.27}% 348
\BOOKMARK [1][-]{section.27.8}{\376\377\000C\000a\000p\000a\000c\000i\000t\000y\000\040\000C\000o\000n\000s\000t\000r\000a\000i\000n\000t\000s}{chapter.27}% 349
\BOOKMARK [1][-]{section.27.9}{\376\377\000T\000r\000a\000v\000e\000l\000\040\000T\000i\000m\000e}{chapter.27}% 350
\BOOKMARK [1][-]{section.27.10}{\376\377\000S\000h\000o\000r\000t\000e\000s\000t\000\040\000P\000a\000t\000h\000s}{chapter.27}% 351
\BOOKMARK [1][-]{section.27.11}{\376\377\000U\000s\000e\000r\000\040\000E\000q\000u\000i\000l\000i\000b\000r\000i\000u\000m}{chapter.27}% 352
\BOOKMARK [1][-]{section.27.12}{\376\377\000S\000y\000s\000t\000e\000m\000\040\000O\000p\000t\000i\000m\000u\000m}{chapter.27}% 353
\BOOKMARK [1][-]{section.27.13}{\376\377\000T\000r\000a\000f\000f\000i\000c\000\040\000C\000o\000n\000t\000r\000o\000l}{chapter.27}% 354
\BOOKMARK [1][-]{section.27.14}{\376\377\000P\000u\000b\000l\000i\000c\000\040\000T\000r\000a\000n\000s\000p\000o\000r\000t\000a\000t\000i\000o\000n}{chapter.27}% 355
\BOOKMARK [1][-]{section.27.15}{\376\377\000F\000r\000e\000i\000g\000h\000t\000\040\000L\000o\000g\000i\000s\000t\000i\000c\000s}{chapter.27}% 356
\BOOKMARK [1][-]{section.27.16}{\376\377\000N\000e\000t\000w\000o\000r\000k\000\040\000R\000e\000s\000i\000l\000i\000e\000n\000c\000e}{chapter.27}% 357
\BOOKMARK [1][-]{section.27.17}{\376\377\000A\000u\000t\000o\000n\000o\000m\000o\000u\000s\000\040\000T\000r\000a\000n\000s\000p\000o\000r\000t\000a\000t\000i\000o\000n}{chapter.27}% 358
\BOOKMARK [1][-]{section.27.18}{\376\377\000D\000i\000s\000c\000u\000s\000s\000i\000o\000n}{chapter.27}% 359
\BOOKMARK [0][-]{chapter.28}{\376\377\000C\000o\000m\000m\000u\000n\000i\000c\000a\000t\000i\000o\000n\000\040\000N\000e\000t\000w\000o\000r\000k\000s}{part.6}% 360
\BOOKMARK [1][-]{section.28.1}{\376\377\000I\000n\000t\000r\000o\000d\000u\000c\000t\000i\000o\000n}{chapter.28}% 361
\BOOKMARK [1][-]{section.28.2}{\376\377\000N\000e\000t\000w\000o\000r\000k\000\040\000R\000e\000p\000r\000e\000s\000e\000n\000t\000a\000t\000i\000o\000n}{chapter.28}% 362
\BOOKMARK [1][-]{section.28.3}{\376\377\000I\000n\000f\000o\000r\000m\000a\000t\000i\000o\000n\000\040\000F\000l\000o\000w}{chapter.28}% 363
\BOOKMARK [1][-]{section.28.4}{\376\377\000B\000a\000n\000d\000w\000i\000d\000t\000h\000\040\000C\000o\000n\000s\000t\000r\000a\000i\000n\000t\000s}{chapter.28}% 364
\BOOKMARK [1][-]{section.28.5}{\376\377\000L\000a\000t\000e\000n\000c\000y}{chapter.28}% 365
\BOOKMARK [1][-]{section.28.6}{\376\377\000Q\000u\000e\000u\000e\000\040\000D\000y\000n\000a\000m\000i\000c\000s}{chapter.28}% 366
\BOOKMARK [1][-]{section.28.7}{\376\377\000R\000o\000u\000t\000i\000n\000g}{chapter.28}% 367
\BOOKMARK [1][-]{section.28.8}{\376\377\000N\000e\000t\000w\000o\000r\000k\000\040\000U\000t\000i\000l\000i\000t\000y\000\040\000M\000a\000x\000i\000m\000i\000z\000a\000t\000i\000o\000n}{chapter.28}% 368
\BOOKMARK [1][-]{section.28.9}{\376\377\000R\000e\000l\000i\000a\000b\000i\000l\000i\000t\000y}{chapter.28}% 369
\BOOKMARK [1][-]{section.28.10}{\376\377\000R\000e\000d\000u\000n\000d\000a\000n\000t\000\040\000R\000o\000u\000t\000i\000n\000g}{chapter.28}% 370
\BOOKMARK [1][-]{section.28.11}{\376\377\000W\000i\000r\000e\000l\000e\000s\000s\000\040\000N\000e\000t\000w\000o\000r\000k\000s}{chapter.28}% 371
\BOOKMARK [1][-]{section.28.12}{\376\377\000S\000a\000t\000e\000l\000l\000i\000t\000e\000\040\000N\000e\000t\000w\000o\000r\000k\000s}{chapter.28}% 372
\BOOKMARK [1][-]{section.28.13}{\376\377\000A\000d\000a\000p\000t\000i\000v\000e\000\040\000N\000e\000t\000w\000o\000r\000k\000\040\000C\000o\000n\000t\000r\000o\000l}{chapter.28}% 373
\BOOKMARK [1][-]{section.28.14}{\376\377\000C\000y\000b\000e\000r\000\040\000R\000e\000s\000i\000l\000i\000e\000n\000c\000e}{chapter.28}% 374
\BOOKMARK [1][-]{section.28.15}{\376\377\000I\000n\000f\000o\000r\000m\000a\000t\000i\000o\000n\000\040\000G\000e\000o\000m\000e\000t\000r\000y}{chapter.28}% 375
\BOOKMARK [1][-]{section.28.16}{\376\377\000D\000i\000s\000c\000u\000s\000s\000i\000o\000n}{chapter.28}% 376
\BOOKMARK [0][-]{chapter.29}{\376\377\000S\000u\000p\000p\000l\000y\000\040\000C\000h\000a\000i\000n\000s\000\040\000a\000n\000d\000\040\000L\000o\000g\000i\000s\000t\000i\000c\000s}{part.6}% 377
\BOOKMARK [1][-]{section.29.1}{\376\377\000I\000n\000t\000r\000o\000d\000u\000c\000t\000i\000o\000n}{chapter.29}% 378
\BOOKMARK [1][-]{section.29.2}{\376\377\000N\000e\000t\000w\000o\000r\000k\000\040\000R\000e\000p\000r\000e\000s\000e\000n\000t\000a\000t\000i\000o\000n}{chapter.29}% 379
\BOOKMARK [1][-]{section.29.3}{\376\377\000C\000o\000m\000m\000o\000d\000i\000t\000y\000\040\000S\000p\000a\000c\000e}{chapter.29}% 380
\BOOKMARK [1][-]{section.29.4}{\376\377\000M\000u\000l\000t\000i\000-\000C\000o\000m\000m\000o\000d\000i\000t\000y\000\040\000C\000o\000n\000s\000e\000r\000v\000a\000t\000i\000o\000n}{chapter.29}% 381
\BOOKMARK [1][-]{section.29.5}{\376\377\000P\000r\000o\000d\000u\000c\000t\000i\000o\000n}{chapter.29}% 382
\BOOKMARK [1][-]{section.29.6}{\376\377\000B\000i\000l\000l\000s\000\040\000o\000f\000\040\000M\000a\000t\000e\000r\000i\000a\000l\000s}{chapter.29}% 383
\BOOKMARK [1][-]{section.29.7}{\376\377\000I\000n\000v\000e\000n\000t\000o\000r\000y\000\040\000D\000y\000n\000a\000m\000i\000c\000s}{chapter.29}% 384
\BOOKMARK [1][-]{section.29.8}{\376\377\000C\000a\000p\000a\000c\000i\000t\000y\000\040\000C\000o\000n\000s\000t\000r\000a\000i\000n\000t\000s}{chapter.29}% 385
\BOOKMARK [1][-]{section.29.9}{\376\377\000L\000e\000a\000d\000\040\000T\000i\000m\000e\000s}{chapter.29}% 386
\BOOKMARK [1][-]{section.29.10}{\376\377\000D\000e\000m\000a\000n\000d\000\040\000U\000n\000c\000e\000r\000t\000a\000i\000n\000t\000y}{chapter.29}% 387
\BOOKMARK [1][-]{section.29.11}{\376\377\000B\000u\000l\000l\000w\000h\000i\000p\000\040\000E\000f\000f\000e\000c\000t}{chapter.29}% 388
\BOOKMARK [1][-]{section.29.12}{\376\377\000F\000a\000c\000i\000l\000i\000t\000y\000\040\000L\000o\000c\000a\000t\000i\000o\000n}{chapter.29}% 389
\BOOKMARK [1][-]{section.29.13}{\376\377\000R\000o\000u\000t\000i\000n\000g}{chapter.29}% 390
\BOOKMARK [1][-]{section.29.14}{\376\377\000I\000n\000t\000e\000g\000r\000a\000t\000e\000d\000\040\000L\000o\000g\000i\000s\000t\000i\000c\000s}{chapter.29}% 391
\BOOKMARK [1][-]{section.29.15}{\376\377\000R\000e\000s\000i\000l\000i\000e\000n\000c\000e}{chapter.29}% 392
\BOOKMARK [1][-]{section.29.16}{\376\377\000D\000i\000s\000c\000u\000s\000s\000i\000o\000n}{chapter.29}% 393
\BOOKMARK [0][-]{chapter.30}{\376\377\000I\000n\000t\000e\000g\000r\000a\000t\000e\000d\000\040\000I\000n\000f\000r\000a\000s\000t\000r\000u\000c\000t\000u\000r\000e\000\040\000S\000y\000s\000t\000e\000m\000s}{part.6}% 394
\BOOKMARK [1][-]{section.30.1}{\376\377\000I\000n\000t\000r\000o\000d\000u\000c\000t\000i\000o\000n}{chapter.30}% 395
\BOOKMARK [1][-]{section.30.2}{\376\377\000I\000n\000f\000r\000a\000s\000t\000r\000u\000c\000t\000u\000r\000e\000\040\000L\000a\000y\000e\000r\000s}{chapter.30}% 396
\BOOKMARK [1][-]{section.30.3}{\376\377\000I\000n\000t\000e\000r\000d\000e\000p\000e\000n\000d\000e\000n\000c\000y}{chapter.30}% 397
\BOOKMARK [1][-]{section.30.4}{\376\377\000T\000h\000e\000\040\000S\000u\000p\000r\000a\000-\000G\000r\000a\000p\000h}{chapter.30}% 398
\BOOKMARK [1][-]{section.30.5}{\376\377\000L\000a\000y\000e\000r\000\040\000S\000t\000a\000t\000e\000s}{chapter.30}% 399
\BOOKMARK [1][-]{section.30.6}{\376\377\000C\000o\000u\000p\000l\000e\000d\000\040\000D\000y\000n\000a\000m\000i\000c\000s}{chapter.30}% 400
\BOOKMARK [1][-]{section.30.7}{\376\377\000D\000e\000p\000e\000n\000d\000e\000n\000c\000y\000\040\000M\000a\000t\000r\000i\000x}{chapter.30}% 401
\BOOKMARK [1][-]{section.30.8}{\376\377\000F\000a\000i\000l\000u\000r\000e\000\040\000P\000r\000o\000p\000a\000g\000a\000t\000i\000o\000n}{chapter.30}% 402
\BOOKMARK [1][-]{section.30.9}{\376\377\000C\000a\000s\000c\000a\000d\000e\000\040\000T\000h\000r\000e\000s\000h\000o\000l\000d\000s}{chapter.30}% 403
\BOOKMARK [1][-]{section.30.10}{\376\377\000R\000e\000s\000o\000u\000r\000c\000e\000\040\000A\000l\000l\000o\000c\000a\000t\000i\000o\000n}{chapter.30}% 404
\BOOKMARK [1][-]{section.30.11}{\376\377\000J\000o\000i\000n\000t\000\040\000C\000o\000n\000t\000r\000o\000l}{chapter.30}% 405
\BOOKMARK [1][-]{section.30.12}{\376\377\000S\000h\000a\000r\000e\000d\000\040\000I\000n\000f\000o\000r\000m\000a\000t\000i\000o\000n}{chapter.30}% 406
\BOOKMARK [1][-]{section.30.13}{\376\377\000R\000e\000s\000i\000l\000i\000e\000n\000c\000e\000\040\000o\000f\000\040\000I\000n\000t\000e\000r\000d\000e\000p\000e\000n\000d\000e\000n\000t\000\040\000S\000y\000s\000t\000e\000m\000s}{chapter.30}% 407
\BOOKMARK [1][-]{section.30.14}{\376\377\000H\000i\000e\000r\000a\000r\000c\000h\000i\000c\000a\000l\000\040\000C\000o\000o\000r\000d\000i\000n\000a\000t\000i\000o\000n}{chapter.30}% 408
\BOOKMARK [1][-]{section.30.15}{\376\377\000D\000i\000g\000i\000t\000a\000l\000\040\000T\000w\000i\000n\000s}{chapter.30}% 409
\BOOKMARK [1][-]{section.30.16}{\376\377\000D\000i\000s\000c\000u\000s\000s\000i\000o\000n}{chapter.30}% 410
\BOOKMARK [0][-]{chapter.31}{\376\377\000P\000l\000a\000n\000e\000t\000a\000r\000y\000\040\000a\000n\000d\000\040\000I\000n\000t\000e\000r\000p\000l\000a\000n\000e\000t\000a\000r\000y\000\040\000I\000n\000f\000r\000a\000s\000t\000r\000u\000c\000t\000u\000r\000e}{part.6}% 411
\BOOKMARK [1][-]{section.31.1}{\376\377\000I\000n\000t\000r\000o\000d\000u\000c\000t\000i\000o\000n}{chapter.31}% 412
\BOOKMARK [1][-]{section.31.2}{\376\377\000I\000n\000f\000r\000a\000s\000t\000r\000u\000c\000t\000u\000r\000e\000\040\000M\000a\000n\000i\000f\000o\000l\000d}{chapter.31}% 413
\BOOKMARK [1][-]{section.31.3}{\376\377\000I\000n\000t\000e\000r\000p\000l\000a\000n\000e\000t\000a\000r\000y\000\040\000G\000r\000a\000p\000h}{chapter.31}% 414
\BOOKMARK [1][-]{section.31.4}{\376\377\000T\000i\000m\000e\000-\000D\000e\000p\000e\000n\000d\000e\000n\000t\000\040\000C\000o\000n\000n\000e\000c\000t\000i\000v\000i\000t\000y}{chapter.31}% 415
\BOOKMARK [1][-]{section.31.5}{\376\377\000O\000r\000b\000i\000t\000a\000l\000\040\000T\000r\000a\000n\000s\000f\000e\000r\000\040\000C\000o\000s\000t\000s}{chapter.31}% 416
\BOOKMARK [1][-]{section.31.6}{\376\377\000L\000a\000u\000n\000c\000h\000\040\000W\000i\000n\000d\000o\000w\000s}{chapter.31}% 417
\BOOKMARK [1][-]{section.31.7}{\376\377\000C\000o\000m\000m\000u\000n\000i\000c\000a\000t\000i\000o\000n\000\040\000D\000e\000l\000a\000y}{chapter.31}% 418
\BOOKMARK [1][-]{section.31.8}{\376\377\000A\000u\000t\000o\000n\000o\000m\000o\000u\000s\000\040\000O\000p\000e\000r\000a\000t\000i\000o\000n}{chapter.31}% 419
\BOOKMARK [1][-]{section.31.9}{\376\377\000I\000n\000-\000S\000i\000t\000u\000\040\000R\000e\000s\000o\000u\000r\000c\000e\000\040\000U\000t\000i\000l\000i\000z\000a\000t\000i\000o\000n}{chapter.31}% 420
\BOOKMARK [1][-]{section.31.10}{\376\377\000E\000n\000e\000r\000g\000y\000\040\000N\000e\000t\000w\000o\000r\000k\000s}{chapter.31}% 421
\BOOKMARK [1][-]{section.31.11}{\376\377\000C\000l\000o\000s\000e\000d\000\040\000E\000c\000o\000l\000o\000g\000i\000c\000a\000l\000\040\000S\000y\000s\000t\000e\000m\000s}{chapter.31}% 422
\BOOKMARK [1][-]{section.31.12}{\376\377\000R\000e\000s\000i\000l\000i\000e\000n\000c\000e}{chapter.31}% 423
\BOOKMARK [1][-]{section.31.13}{\376\377\000D\000i\000s\000t\000r\000i\000b\000u\000t\000e\000d\000\040\000C\000i\000v\000i\000l\000i\000z\000a\000t\000i\000o\000n\000s}{chapter.31}% 424
\BOOKMARK [1][-]{section.31.14}{\376\377\000U\000n\000i\000f\000i\000e\000d\000\040\000P\000l\000a\000n\000e\000t\000a\000r\000y\000\040\000O\000p\000t\000i\000m\000i\000z\000a\000t\000i\000o\000n}{chapter.31}% 425
\BOOKMARK [1][-]{section.31.15}{\376\377\000D\000i\000s\000c\000u\000s\000s\000i\000o\000n}{chapter.31}% 426
\BOOKMARK [1][-]{section.31.16}{\376\377\000C\000o\000n\000c\000l\000u\000d\000i\000n\000g\000\040\000R\000e\000m\000a\000r\000k\000s}{chapter.31}% 427
\BOOKMARK [-1][-]{part.7}{\376\377\000V\000I\000I\000\040\000F\000o\000u\000n\000d\000a\000t\000i\000o\000n\000s\000\040\000a\000n\000d\000\040\000O\000u\000t\000l\000o\000o\000k}{}% 428
\BOOKMARK [0][-]{chapter.32}{\376\377\000U\000n\000i\000f\000y\000i\000n\000g\000\040\000P\000r\000i\000n\000c\000i\000p\000l\000e\000s\000\040\000o\000f\000\040\000I\000n\000f\000r\000a\000s\000t\000r\000u\000c\000t\000u\000r\000e\000\040\000S\000c\000i\000e\000n\000c\000e}{part.7}% 429
\BOOKMARK [1][-]{section.32.1}{\376\377\000I\000n\000t\000r\000o\000d\000u\000c\000t\000i\000o\000n}{chapter.32}% 430
\BOOKMARK [1][-]{section.32.2}{\376\377\000P\000r\000i\000n\000c\000i\000p\000l\000e\000\040\000I\000:\000\040\000G\000e\000o\000m\000e\000t\000r\000y\000\040\000P\000r\000e\000c\000e\000d\000e\000s\000\040\000I\000n\000f\000r\000a\000s\000t\000r\000u\000c\000t\000u\000r\000e}{chapter.32}% 431
\BOOKMARK [1][-]{section.32.3}{\376\377\000P\000r\000i\000n\000c\000i\000p\000l\000e\000\040\000I\000I\000:\000\040\000T\000o\000p\000o\000l\000o\000g\000y\000\040\000D\000e\000t\000e\000r\000m\000i\000n\000e\000s\000\040\000P\000o\000s\000s\000i\000b\000i\000l\000i\000t\000y}{chapter.32}% 432
\BOOKMARK [1][-]{section.32.4}{\376\377\000P\000r\000i\000n\000c\000i\000p\000l\000e\000\040\000I\000I\000I\000:\000\040\000C\000o\000n\000s\000e\000r\000v\000a\000t\000i\000o\000n\000\040\000G\000o\000v\000e\000r\000n\000s\000\040\000F\000l\000o\000w}{chapter.32}% 433
\BOOKMARK [1][-]{section.32.5}{\376\377\000P\000r\000i\000n\000c\000i\000p\000l\000e\000\040\000I\000V\000:\000\040\000C\000a\000p\000a\000c\000i\000t\000y\000\040\000L\000i\000m\000i\000t\000s\000\040\000T\000h\000r\000o\000u\000g\000h\000p\000u\000t}{chapter.32}% 434
\BOOKMARK [1][-]{section.32.6}{\376\377\000P\000r\000i\000n\000c\000i\000p\000l\000e\000\040\000V\000:\000\040\000O\000p\000t\000i\000m\000i\000z\000a\000t\000i\000o\000n\000\040\000A\000l\000l\000o\000c\000a\000t\000e\000s\000\040\000S\000c\000a\000r\000c\000e\000\040\000R\000e\000s\000o\000u\000r\000c\000e\000s}{chapter.32}% 435
\BOOKMARK [1][-]{section.32.7}{\376\377\000P\000r\000i\000n\000c\000i\000p\000l\000e\000\040\000V\000I\000:\000\040\000C\000o\000n\000t\000r\000o\000l\000\040\000M\000a\000i\000n\000t\000a\000i\000n\000s\000\040\000O\000p\000e\000r\000a\000t\000i\000o\000n}{chapter.32}% 436
\BOOKMARK [1][-]{section.32.8}{\376\377\000P\000r\000i\000n\000c\000i\000p\000l\000e\000\040\000V\000I\000I\000:\000\040\000U\000n\000c\000e\000r\000t\000a\000i\000n\000t\000y\000\040\000I\000s\000\040\000F\000u\000n\000d\000a\000m\000e\000n\000t\000a\000l}{chapter.32}% 437
\BOOKMARK [1][-]{section.32.9}{\376\377\000P\000r\000i\000n\000c\000i\000p\000l\000e\000\040\000V\000I\000I\000I\000:\000\040\000R\000e\000s\000i\000l\000i\000e\000n\000c\000e\000\040\000P\000r\000e\000s\000e\000r\000v\000e\000s\000\040\000C\000o\000n\000t\000i\000n\000u\000i\000t\000y}{chapter.32}% 438
\BOOKMARK [1][-]{section.32.10}{\376\377\000P\000r\000i\000n\000c\000i\000p\000l\000e\000\040\000I\000X\000:\000\040\000A\000d\000a\000p\000t\000a\000t\000i\000o\000n\000\040\000O\000u\000t\000p\000e\000r\000f\000o\000r\000m\000s\000\040\000P\000r\000e\000d\000i\000c\000t\000i\000o\000n}{chapter.32}% 439
\BOOKMARK [1][-]{section.32.11}{\376\377\000P\000r\000i\000n\000c\000i\000p\000l\000e\000\040\000X\000:\000\040\000I\000n\000t\000e\000g\000r\000a\000t\000i\000o\000n\000\040\000C\000r\000e\000a\000t\000e\000s\000\040\000C\000i\000v\000i\000l\000i\000z\000a\000t\000i\000o\000n}{chapter.32}% 440
\BOOKMARK [1][-]{section.32.12}{\376\377\000A\000\040\000U\000n\000i\000f\000i\000e\000d\000\040\000M\000a\000t\000h\000e\000m\000a\000t\000i\000c\000a\000l\000\040\000V\000i\000e\000w}{chapter.32}% 441
\BOOKMARK [1][-]{section.32.13}{\376\377\000C\000l\000o\000s\000i\000n\000g\000\040\000P\000e\000r\000s\000p\000e\000c\000t\000i\000v\000e}{chapter.32}% 442
\BOOKMARK [-1][-]{part.8}{\376\377\000V\000I\000I\000I\000\040\000M\000a\000t\000h\000e\000m\000a\000t\000i\000c\000a\000l\000\040\000F\000o\000u\000n\000d\000a\000t\000i\000o\000n\000s}{}% 443
\BOOKMARK [0][-]{appendix.A}{\376\377\000F\000o\000u\000n\000d\000a\000t\000i\000o\000n\000s\000\040\000o\000f\000\040\000S\000e\000t\000s\000\040\000a\000n\000d\000\040\000S\000t\000r\000u\000c\000t\000u\000r\000e\000s}{part.8}% 444
\BOOKMARK [1][-]{section.A.1}{\376\377\000P\000u\000r\000p\000o\000s\000e}{appendix.A}% 445
\BOOKMARK [1][-]{section.A.2}{\376\377\000S\000e\000t\000s}{appendix.A}% 446
\BOOKMARK [1][-]{section.A.3}{\376\377\000S\000u\000b\000s\000e\000t\000s}{appendix.A}% 447
\BOOKMARK [1][-]{section.A.4}{\376\377\000E\000l\000e\000m\000e\000n\000t\000a\000r\000y\000\040\000O\000p\000e\000r\000a\000t\000i\000o\000n\000s}{appendix.A}% 448
\BOOKMARK [1][-]{section.A.5}{\376\377\000C\000a\000r\000t\000e\000s\000i\000a\000n\000\040\000P\000r\000o\000d\000u\000c\000t\000s}{appendix.A}% 449
\BOOKMARK [1][-]{section.A.6}{\376\377\000R\000e\000l\000a\000t\000i\000o\000n\000s}{appendix.A}% 450
\BOOKMARK [1][-]{section.A.7}{\376\377\000E\000q\000u\000i\000v\000a\000l\000e\000n\000c\000e\000\040\000R\000e\000l\000a\000t\000i\000o\000n\000s}{appendix.A}% 451
\BOOKMARK [1][-]{section.A.8}{\376\377\000P\000a\000r\000t\000i\000a\000l\000\040\000O\000r\000d\000e\000r\000s}{appendix.A}% 452
\BOOKMARK [1][-]{section.A.9}{\376\377\000F\000u\000n\000c\000t\000i\000o\000n\000s}{appendix.A}% 453
\BOOKMARK [1][-]{section.A.10}{\376\377\000I\000n\000j\000e\000c\000t\000i\000v\000e\000,\000\040\000S\000u\000r\000j\000e\000c\000t\000i\000v\000e\000,\000\040\000a\000n\000d\000\040\000B\000i\000j\000e\000c\000t\000i\000v\000e\000\040\000M\000a\000p\000s}{appendix.A}% 454
\BOOKMARK [1][-]{section.A.11}{\376\377\000C\000o\000m\000p\000o\000s\000i\000t\000i\000o\000n}{appendix.A}% 455
\BOOKMARK [1][-]{section.A.12}{\376\377\000I\000n\000v\000e\000r\000s\000e\000\040\000F\000u\000n\000c\000t\000i\000o\000n\000s}{appendix.A}% 456
\BOOKMARK [1][-]{section.A.13}{\376\377\000F\000a\000m\000i\000l\000i\000e\000s\000\040\000o\000f\000\040\000S\000e\000t\000s}{appendix.A}% 457
\BOOKMARK [1][-]{section.A.14}{\376\377\000S\000e\000q\000u\000e\000n\000c\000e\000s}{appendix.A}% 458
\BOOKMARK [1][-]{section.A.15}{\376\377\000M\000e\000t\000r\000i\000c\000\040\000S\000p\000a\000c\000e\000s}{appendix.A}% 459
\BOOKMARK [1][-]{section.A.16}{\376\377\000T\000o\000p\000o\000l\000o\000g\000i\000c\000a\000l\000\040\000S\000p\000a\000c\000e\000s}{appendix.A}% 460
\BOOKMARK [1][-]{section.A.17}{\376\377\000C\000o\000n\000c\000l\000u\000s\000i\000o\000n}{appendix.A}% 461
\BOOKMARK [1][-]{section.A.18}{\376\377\000F\000u\000n\000c\000t\000i\000o\000n\000s\000\040\000B\000e\000t\000w\000e\000e\000n\000\040\000S\000t\000r\000u\000c\000t\000u\000r\000e\000d\000\040\000S\000e\000t\000s}{appendix.A}% 462
\BOOKMARK [1][-]{section.A.19}{\376\377\000C\000o\000m\000m\000u\000t\000a\000t\000i\000v\000e\000\040\000D\000i\000a\000g\000r\000a\000m\000s}{appendix.A}% 463
\BOOKMARK [1][-]{section.A.20}{\376\377\000P\000r\000o\000d\000u\000c\000t\000s\000\040\000a\000n\000d\000\040\000P\000r\000o\000j\000e\000c\000t\000i\000o\000n\000s}{appendix.A}% 464
\BOOKMARK [1][-]{section.A.21}{\376\377\000Q\000u\000o\000t\000i\000e\000n\000t\000\040\000S\000e\000t\000s}{appendix.A}% 465
\BOOKMARK [1][-]{section.A.22}{\376\377\000C\000a\000r\000d\000i\000n\000a\000l\000i\000t\000y}{appendix.A}% 466
\BOOKMARK [1][-]{section.A.23}{\376\377\000P\000o\000w\000e\000r\000\040\000S\000e\000t\000s}{appendix.A}% 467
\BOOKMARK [1][-]{section.A.24}{\376\377\000F\000i\000x\000e\000d\000\040\000P\000o\000i\000n\000t\000s}{appendix.A}% 468
\BOOKMARK [1][-]{section.A.25}{\376\377\000D\000i\000r\000e\000c\000t\000e\000d\000\040\000S\000y\000s\000t\000e\000m\000s}{appendix.A}% 469
\BOOKMARK [1][-]{section.A.26}{\376\377\000U\000n\000i\000v\000e\000r\000s\000a\000l\000\040\000M\000a\000t\000h\000e\000m\000a\000t\000i\000c\000a\000l\000\040\000L\000a\000n\000g\000u\000a\000g\000e}{appendix.A}% 470
\BOOKMARK [1][-]{section.A.27}{\376\377\000A\000l\000g\000e\000b\000r\000a\000i\000c\000\040\000S\000t\000r\000u\000c\000t\000u\000r\000e\000s}{appendix.A}% 471
\BOOKMARK [2][-]{subsection.A.27.1}{\376\377\000S\000e\000m\000i\000g\000r\000o\000u\000p\000s}{section.A.27}% 472
\BOOKMARK [2][-]{subsection.A.27.2}{\376\377\000M\000o\000n\000o\000i\000d\000s}{section.A.27}% 473
\BOOKMARK [2][-]{subsection.A.27.3}{\376\377\000G\000r\000o\000u\000p\000s}{section.A.27}% 474
\BOOKMARK [2][-]{subsection.A.27.4}{\376\377\000A\000b\000e\000l\000i\000a\000n\000\040\000G\000r\000o\000u\000p\000s}{section.A.27}% 475
\BOOKMARK [1][-]{section.A.28}{\376\377\000R\000i\000n\000g\000s}{appendix.A}% 476
\BOOKMARK [1][-]{section.A.29}{\376\377\000F\000i\000e\000l\000d\000s}{appendix.A}% 477
\BOOKMARK [1][-]{section.A.30}{\376\377\000V\000e\000c\000t\000o\000r\000\040\000S\000p\000a\000c\000e\000s}{appendix.A}% 478
\BOOKMARK [1][-]{section.A.31}{\376\377\000L\000i\000n\000e\000a\000r\000\040\000I\000n\000d\000e\000p\000e\000n\000d\000e\000n\000c\000e}{appendix.A}% 479
\BOOKMARK [1][-]{section.A.32}{\376\377\000B\000a\000s\000e\000s}{appendix.A}% 480
\BOOKMARK [1][-]{section.A.33}{\376\377\000L\000i\000n\000e\000a\000r\000\040\000T\000r\000a\000n\000s\000f\000o\000r\000m\000a\000t\000i\000o\000n\000s}{appendix.A}% 481
\BOOKMARK [1][-]{section.A.34}{\376\377\000K\000e\000r\000n\000e\000l\000\040\000a\000n\000d\000\040\000I\000m\000a\000g\000e}{appendix.A}% 482
\BOOKMARK [1][-]{section.A.35}{\376\377\000M\000a\000t\000h\000e\000m\000a\000t\000i\000c\000a\000l\000\040\000H\000i\000e\000r\000a\000r\000c\000h\000y}{appendix.A}% 483
\BOOKMARK [0][-]{appendix.B}{\376\377\000L\000i\000n\000e\000a\000r\000\040\000A\000l\000g\000e\000b\000r\000a\000\040\000a\000n\000d\000\040\000T\000e\000n\000s\000o\000r\000\040\000A\000n\000a\000l\000y\000s\000i\000s}{part.8}% 484
\BOOKMARK [1][-]{section.B.1}{\376\377\000P\000u\000r\000p\000o\000s\000e}{appendix.B}% 485
\BOOKMARK [1][-]{section.B.2}{\376\377\000V\000e\000c\000t\000o\000r\000\040\000S\000p\000a\000c\000e\000s}{appendix.B}% 486
\BOOKMARK [1][-]{section.B.3}{\376\377\000S\000u\000b\000s\000p\000a\000c\000e\000s}{appendix.B}% 487
\BOOKMARK [1][-]{section.B.4}{\376\377\000S\000p\000a\000n}{appendix.B}% 488
\BOOKMARK [1][-]{section.B.5}{\376\377\000B\000a\000s\000i\000s\000\040\000a\000n\000d\000\040\000D\000i\000m\000e\000n\000s\000i\000o\000n}{appendix.B}% 489
\BOOKMARK [1][-]{section.B.6}{\376\377\000C\000o\000o\000r\000d\000i\000n\000a\000t\000e\000s}{appendix.B}% 490
\BOOKMARK [1][-]{section.B.7}{\376\377\000M\000a\000t\000r\000i\000c\000e\000s}{appendix.B}% 491
\BOOKMARK [1][-]{section.B.8}{\376\377\000M\000a\000t\000r\000i\000x\000\040\000O\000p\000e\000r\000a\000t\000i\000o\000n\000s}{appendix.B}% 492
\BOOKMARK [1][-]{section.B.9}{\376\377\000I\000n\000v\000e\000r\000s\000e\000\040\000M\000a\000t\000r\000i\000c\000e\000s}{appendix.B}% 493
\BOOKMARK [1][-]{section.B.10}{\376\377\000R\000a\000n\000k}{appendix.B}% 494
\BOOKMARK [1][-]{section.B.11}{\376\377\000E\000i\000g\000e\000n\000v\000a\000l\000u\000e\000s}{appendix.B}% 495
\BOOKMARK [1][-]{section.B.12}{\376\377\000D\000i\000a\000g\000o\000n\000a\000l\000i\000z\000a\000t\000i\000o\000n}{appendix.B}% 496
\BOOKMARK [1][-]{section.B.13}{\376\377\000S\000y\000m\000m\000e\000t\000r\000i\000c\000\040\000M\000a\000t\000r\000i\000c\000e\000s}{appendix.B}% 497
\BOOKMARK [1][-]{section.B.14}{\376\377\000I\000n\000n\000e\000r\000\040\000P\000r\000o\000d\000u\000c\000t\000s}{appendix.B}% 498
\BOOKMARK [1][-]{section.B.15}{\376\377\000N\000o\000r\000m\000s}{appendix.B}% 499
\BOOKMARK [1][-]{section.B.16}{\376\377\000O\000r\000t\000h\000o\000g\000o\000n\000a\000l\000\040\000P\000r\000o\000j\000e\000c\000t\000i\000o\000n\000s}{appendix.B}% 500
\BOOKMARK [1][-]{section.B.17}{\376\377\000S\000i\000n\000g\000u\000l\000a\000r\000\040\000V\000a\000l\000u\000e\000\040\000D\000e\000c\000o\000m\000p\000o\000s\000i\000t\000i\000o\000n}{appendix.B}% 501
\BOOKMARK [1][-]{section.B.18}{\376\377\000P\000o\000s\000i\000t\000i\000v\000e\000\040\000D\000e\000f\000i\000n\000i\000t\000e\000\040\000M\000a\000t\000r\000i\000c\000e\000s}{appendix.B}% 502
\BOOKMARK [1][-]{section.B.19}{\376\377\000T\000e\000n\000s\000o\000r\000\040\000P\000r\000o\000d\000u\000c\000t\000s}{appendix.B}% 503
\BOOKMARK [1][-]{section.B.20}{\376\377\000T\000e\000n\000s\000o\000r\000\040\000N\000o\000t\000a\000t\000i\000o\000n}{appendix.B}% 504
\BOOKMARK [1][-]{section.B.21}{\376\377\000C\000o\000n\000c\000l\000u\000d\000i\000n\000g\000\040\000R\000e\000m\000a\000r\000k\000s}{appendix.B}% 505
\BOOKMARK [1][-]{section.B.22}{\376\377\000M\000a\000t\000r\000i\000x\000\040\000N\000o\000r\000m\000s}{appendix.B}% 506
\BOOKMARK [1][-]{section.B.23}{\376\377\000O\000p\000e\000r\000a\000t\000o\000r\000\040\000N\000o\000r\000m\000s}{appendix.B}% 507
\BOOKMARK [1][-]{section.B.24}{\376\377\000O\000r\000t\000h\000o\000g\000o\000n\000a\000l\000\040\000M\000a\000t\000r\000i\000c\000e\000s}{appendix.B}% 508
\BOOKMARK [1][-]{section.B.25}{\376\377\000P\000r\000o\000j\000e\000c\000t\000i\000o\000n\000\040\000M\000a\000t\000r\000i\000c\000e\000s}{appendix.B}% 509
\BOOKMARK [1][-]{section.B.26}{\376\377\000Q\000u\000a\000d\000r\000a\000t\000i\000c\000\040\000F\000o\000r\000m\000s}{appendix.B}% 510
\BOOKMARK [1][-]{section.B.27}{\376\377\000L\000e\000a\000s\000t\000-\000S\000q\000u\000a\000r\000e\000s\000\040\000P\000r\000o\000b\000l\000e\000m\000s}{appendix.B}% 511
\BOOKMARK [1][-]{section.B.28}{\376\377\000M\000o\000o\000r\000e\040\023\000P\000e\000n\000r\000o\000s\000e\000\040\000P\000s\000e\000u\000d\000o\000i\000n\000v\000e\000r\000s\000e}{appendix.B}% 512
\BOOKMARK [1][-]{section.B.29}{\376\377\000B\000l\000o\000c\000k\000\040\000M\000a\000t\000r\000i\000c\000e\000s}{appendix.B}% 513
\BOOKMARK [1][-]{section.B.30}{\376\377\000K\000r\000o\000n\000e\000c\000k\000e\000r\000\040\000P\000r\000o\000d\000u\000c\000t}{appendix.B}% 514
\BOOKMARK [1][-]{section.B.31}{\376\377\000M\000a\000t\000r\000i\000x\000\040\000E\000x\000p\000o\000n\000e\000n\000t\000i\000a\000l\000s}{appendix.B}% 515
\BOOKMARK [1][-]{section.B.32}{\376\377\000J\000o\000r\000d\000a\000n\000\040\000C\000a\000n\000o\000n\000i\000c\000a\000l\000\040\000F\000o\000r\000m}{appendix.B}% 516
\BOOKMARK [1][-]{section.B.33}{\376\377\000S\000p\000e\000c\000t\000r\000a\000l\000\040\000R\000a\000d\000i\000u\000s}{appendix.B}% 517
\BOOKMARK [1][-]{section.B.34}{\376\377\000C\000o\000n\000d\000i\000t\000i\000o\000n\000\040\000N\000u\000m\000b\000e\000r\000s}{appendix.B}% 518
\BOOKMARK [1][-]{section.B.35}{\376\377\000P\000e\000r\000r\000o\000n\040\023\000F\000r\000o\000b\000e\000n\000i\000u\000s\000\040\000T\000h\000e\000o\000r\000y}{appendix.B}% 519
\BOOKMARK [1][-]{section.B.36}{\376\377\000S\000u\000m\000m\000a\000r\000y}{appendix.B}% 520
\BOOKMARK [0][-]{appendix.C}{\376\377\000D\000i\000f\000f\000e\000r\000e\000n\000t\000i\000a\000l\000\040\000G\000e\000o\000m\000e\000t\000r\000y}{part.8}% 521
\BOOKMARK [1][-]{section.C.1}{\376\377\000P\000u\000r\000p\000o\000s\000e}{appendix.C}% 522
\BOOKMARK [1][-]{section.C.2}{\376\377\000S\000m\000o\000o\000t\000h\000\040\000M\000a\000n\000i\000f\000o\000l\000d\000s}{appendix.C}% 523
\BOOKMARK [1][-]{section.C.3}{\376\377\000C\000h\000a\000r\000t\000s}{appendix.C}% 524
\BOOKMARK [1][-]{section.C.4}{\376\377\000A\000t\000l\000a\000s\000e\000s}{appendix.C}% 525
\BOOKMARK [1][-]{section.C.5}{\376\377\000S\000m\000o\000o\000t\000h\000\040\000M\000a\000p\000s}{appendix.C}% 526
\BOOKMARK [1][-]{section.C.6}{\376\377\000C\000u\000r\000v\000e\000s}{appendix.C}% 527
\BOOKMARK [1][-]{section.C.7}{\376\377\000T\000a\000n\000g\000e\000n\000t\000\040\000V\000e\000c\000t\000o\000r\000s}{appendix.C}% 528
\BOOKMARK [1][-]{section.C.8}{\376\377\000T\000h\000e\000\040\000T\000a\000n\000g\000e\000n\000t\000\040\000B\000u\000n\000d\000l\000e}{appendix.C}% 529
\BOOKMARK [1][-]{section.C.9}{\376\377\000V\000e\000c\000t\000o\000r\000\040\000F\000i\000e\000l\000d\000s}{appendix.C}% 530
\BOOKMARK [1][-]{section.C.10}{\376\377\000D\000i\000f\000f\000e\000r\000e\000n\000t\000i\000a\000l\000\040\000o\000f\000\040\000a\000\040\000M\000a\000p}{appendix.C}% 531
\BOOKMARK [1][-]{section.C.11}{\376\377\000C\000o\000t\000a\000n\000g\000e\000n\000t\000\040\000S\000p\000a\000c\000e\000s}{appendix.C}% 532
\BOOKMARK [1][-]{section.C.12}{\376\377\000D\000i\000f\000f\000e\000r\000e\000n\000t\000i\000a\000l\000\040\000F\000o\000r\000m\000s}{appendix.C}% 533
\BOOKMARK [1][-]{section.C.13}{\376\377\000E\000x\000t\000e\000r\000i\000o\000r\000\040\000D\000e\000r\000i\000v\000a\000t\000i\000v\000e}{appendix.C}% 534
\BOOKMARK [1][-]{section.C.14}{\376\377\000P\000u\000l\000l\000b\000a\000c\000k\000s}{appendix.C}% 535
\BOOKMARK [1][-]{section.C.15}{\376\377\000P\000u\000s\000h\000f\000o\000r\000w\000a\000r\000d\000s}{appendix.C}% 536
\BOOKMARK [1][-]{section.C.16}{\376\377\000S\000u\000m\000m\000a\000r\000y}{appendix.C}% 537
\BOOKMARK [1][-]{section.C.17}{\376\377\000R\000i\000e\000m\000a\000n\000n\000i\000a\000n\000\040\000M\000e\000t\000r\000i\000c\000s}{appendix.C}% 538
\BOOKMARK [1][-]{section.C.18}{\376\377\000M\000e\000t\000r\000i\000c\000\040\000C\000o\000m\000p\000o\000n\000e\000n\000t\000s}{appendix.C}% 539
\BOOKMARK [1][-]{section.C.19}{\376\377\000L\000e\000n\000g\000t\000h\000\040\000o\000f\000\040\000C\000u\000r\000v\000e\000s}{appendix.C}% 540
\BOOKMARK [1][-]{section.C.20}{\376\377\000D\000i\000s\000t\000a\000n\000c\000e}{appendix.C}% 541
\BOOKMARK [1][-]{section.C.21}{\376\377\000E\000x\000a\000m\000p\000l\000e\000s}{appendix.C}% 542
\BOOKMARK [1][-]{section.C.22}{\376\377\000C\000o\000v\000a\000r\000i\000a\000n\000t\000\040\000D\000e\000r\000i\000v\000a\000t\000i\000v\000e\000s}{appendix.C}% 543
\BOOKMARK [1][-]{section.C.23}{\376\377\000C\000h\000r\000i\000s\000t\000o\000f\000f\000e\000l\000\040\000S\000y\000m\000b\000o\000l\000s}{appendix.C}% 544
\BOOKMARK [1][-]{section.C.24}{\376\377\000P\000a\000r\000a\000l\000l\000e\000l\000\040\000T\000r\000a\000n\000s\000p\000o\000r\000t}{appendix.C}% 545
\BOOKMARK [1][-]{section.C.25}{\376\377\000G\000e\000o\000d\000e\000s\000i\000c\000s}{appendix.C}% 546
\BOOKMARK [1][-]{section.C.26}{\376\377\000G\000e\000o\000d\000e\000s\000i\000c\000\040\000I\000n\000t\000e\000r\000p\000r\000e\000t\000a\000t\000i\000o\000n}{appendix.C}% 547
\BOOKMARK [1][-]{section.C.27}{\376\377\000C\000u\000r\000v\000a\000t\000u\000r\000e}{appendix.C}% 548
\BOOKMARK [1][-]{section.C.28}{\376\377\000T\000h\000e\000\040\000R\000i\000e\000m\000a\000n\000n\000\040\000C\000u\000r\000v\000a\000t\000u\000r\000e\000\040\000T\000e\000n\000s\000o\000r}{appendix.C}% 549
\BOOKMARK [1][-]{section.C.29}{\376\377\000C\000o\000o\000r\000d\000i\000n\000a\000t\000e\000\040\000R\000e\000p\000r\000e\000s\000e\000n\000t\000a\000t\000i\000o\000n}{appendix.C}% 550
\BOOKMARK [1][-]{section.C.30}{\376\377\000S\000y\000m\000m\000e\000t\000r\000i\000e\000s\000\040\000o\000f\000\040\000t\000h\000e\000\040\000C\000u\000r\000v\000a\000t\000u\000r\000e\000\040\000T\000e\000n\000s\000o\000r}{appendix.C}% 551
\BOOKMARK [1][-]{section.C.31}{\376\377\000R\000i\000c\000c\000i\000\040\000C\000u\000r\000v\000a\000t\000u\000r\000e}{appendix.C}% 552
\BOOKMARK [1][-]{section.C.32}{\376\377\000S\000c\000a\000l\000a\000r\000\040\000C\000u\000r\000v\000a\000t\000u\000r\000e}{appendix.C}% 553
\BOOKMARK [1][-]{section.C.33}{\376\377\000S\000e\000c\000t\000i\000o\000n\000a\000l\000\040\000C\000u\000r\000v\000a\000t\000u\000r\000e}{appendix.C}% 554
\BOOKMARK [1][-]{section.C.34}{\376\377\000G\000a\000u\000s\000s\000i\000a\000n\000\040\000C\000u\000r\000v\000a\000t\000u\000r\000e}{appendix.C}% 555
\BOOKMARK [1][-]{section.C.35}{\376\377\000G\000e\000o\000d\000e\000s\000i\000c\000\040\000D\000e\000v\000i\000a\000t\000i\000o\000n}{appendix.C}% 556
\BOOKMARK [1][-]{section.C.36}{\376\377\000F\000l\000a\000t\000\040\000M\000a\000n\000i\000f\000o\000l\000d\000s}{appendix.C}% 557
\BOOKMARK [1][-]{section.C.37}{\376\377\000S\000p\000a\000c\000e\000s\000\040\000o\000f\000\040\000C\000o\000n\000s\000t\000a\000n\000t\000\040\000C\000u\000r\000v\000a\000t\000u\000r\000e}{appendix.C}% 558
\BOOKMARK [1][-]{section.C.38}{\376\377\000A\000p\000p\000l\000i\000c\000a\000t\000i\000o\000n\000s\000\040\000t\000o\000\040\000I\000n\000f\000r\000a\000s\000t\000r\000u\000c\000t\000u\000r\000e}{appendix.C}% 559
\BOOKMARK [1][-]{section.C.39}{\376\377\000S\000u\000m\000m\000a\000r\000y}{appendix.C}% 560
\BOOKMARK [1][-]{section.C.40}{\376\377\000L\000i\000e\000\040\000D\000e\000r\000i\000v\000a\000t\000i\000v\000e\000s}{appendix.C}% 561
\BOOKMARK [1][-]{section.C.41}{\376\377\000F\000l\000o\000w\000s\000\040\000o\000f\000\040\000V\000e\000c\000t\000o\000r\000\040\000F\000i\000e\000l\000d\000s}{appendix.C}% 562
\BOOKMARK [1][-]{section.C.42}{\376\377\000L\000i\000e\000\040\000D\000e\000r\000i\000v\000a\000t\000i\000v\000e\000\040\000o\000f\000\040\000F\000u\000n\000c\000t\000i\000o\000n\000s}{appendix.C}% 563
\BOOKMARK [1][-]{section.C.43}{\376\377\000L\000i\000e\000\040\000B\000r\000a\000c\000k\000e\000t\000s}{appendix.C}% 564
\BOOKMARK [1][-]{section.C.44}{\376\377\000L\000i\000e\000\040\000D\000e\000r\000i\000v\000a\000t\000i\000v\000e\000\040\000o\000f\000\040\000V\000e\000c\000t\000o\000r\000\040\000F\000i\000e\000l\000d\000s}{appendix.C}% 565
\BOOKMARK [1][-]{section.C.45}{\376\377\000L\000i\000e\000\040\000D\000e\000r\000i\000v\000a\000t\000i\000v\000e\000\040\000o\000f\000\040\000T\000e\000n\000s\000o\000r\000\040\000F\000i\000e\000l\000d\000s}{appendix.C}% 566
\BOOKMARK [1][-]{section.C.46}{\376\377\000K\000i\000l\000l\000i\000n\000g\000\040\000V\000e\000c\000t\000o\000r\000\040\000F\000i\000e\000l\000d\000s}{appendix.C}% 567
\BOOKMARK [1][-]{section.C.47}{\376\377\000D\000i\000f\000f\000e\000r\000e\000n\000t\000i\000a\000l\000\040\000F\000o\000r\000m\000s\000\040\000R\000e\000v\000i\000s\000i\000t\000e\000d}{appendix.C}% 568
\BOOKMARK [1][-]{section.C.48}{\376\377\000T\000h\000e\000\040\000W\000e\000d\000g\000e\000\040\000P\000r\000o\000d\000u\000c\000t}{appendix.C}% 569
\BOOKMARK [1][-]{section.C.49}{\376\377\000E\000x\000t\000e\000r\000i\000o\000r\000\040\000C\000a\000l\000c\000u\000l\000u\000s}{appendix.C}% 570
\BOOKMARK [1][-]{section.C.50}{\376\377\000I\000n\000t\000e\000r\000i\000o\000r\000\040\000P\000r\000o\000d\000u\000c\000t}{appendix.C}% 571
\BOOKMARK [1][-]{section.C.51}{\376\377\000C\000a\000r\000t\000a\000n\000'\000s\000\040\000M\000a\000g\000i\000c\000\040\000F\000o\000r\000m\000u\000l\000a}{appendix.C}% 572
\BOOKMARK [1][-]{section.C.52}{\376\377\000O\000r\000i\000e\000n\000t\000a\000t\000i\000o\000n}{appendix.C}% 573
\BOOKMARK [1][-]{section.C.53}{\376\377\000V\000o\000l\000u\000m\000e\000\040\000F\000o\000r\000m\000s}{appendix.C}% 574
\BOOKMARK [1][-]{section.C.54}{\376\377\000I\000n\000t\000e\000g\000r\000a\000t\000i\000o\000n\000\040\000o\000f\000\040\000D\000i\000f\000f\000e\000r\000e\000n\000t\000i\000a\000l\000\040\000F\000o\000r\000m\000s}{appendix.C}% 575
\BOOKMARK [1][-]{section.C.55}{\376\377\000C\000h\000a\000n\000g\000e\000\040\000o\000f\000\040\000V\000a\000r\000i\000a\000b\000l\000e\000s}{appendix.C}% 576
\BOOKMARK [1][-]{section.C.56}{\376\377\000S\000u\000m\000m\000a\000r\000y}{appendix.C}% 577
\BOOKMARK [1][-]{section.C.57}{\376\377\000G\000e\000n\000e\000r\000a\000l\000i\000z\000e\000d\000\040\000S\000t\000o\000k\000e\000s\000'\000\040\000T\000h\000e\000o\000r\000e\000m}{appendix.C}% 578
\BOOKMARK [1][-]{section.C.58}{\376\377\000C\000l\000a\000s\000s\000i\000c\000a\000l\000\040\000S\000p\000e\000c\000i\000a\000l\000\040\000C\000a\000s\000e\000s}{appendix.C}% 579
\BOOKMARK [2][-]{subsection.C.58.1}{\376\377\000F\000u\000n\000d\000a\000m\000e\000n\000t\000a\000l\000\040\000T\000h\000e\000o\000r\000e\000m\000\040\000o\000f\000\040\000C\000a\000l\000c\000u\000l\000u\000s}{section.C.58}% 580
\BOOKMARK [2][-]{subsection.C.58.2}{\376\377\000G\000r\000e\000e\000n\000'\000s\000\040\000T\000h\000e\000o\000r\000e\000m}{section.C.58}% 581
\BOOKMARK [2][-]{subsection.C.58.3}{\376\377\000S\000t\000o\000k\000e\000s\000'\000\040\000C\000u\000r\000l\000\040\000T\000h\000e\000o\000r\000e\000m}{section.C.58}% 582
\BOOKMARK [2][-]{subsection.C.58.4}{\376\377\000D\000i\000v\000e\000r\000g\000e\000n\000c\000e\000\040\000T\000h\000e\000o\000r\000e\000m}{section.C.58}% 583
\BOOKMARK [1][-]{section.C.59}{\376\377\000C\000o\000n\000s\000e\000r\000v\000a\000t\000i\000o\000n\000\040\000L\000a\000w\000s}{appendix.C}% 584
\BOOKMARK [1][-]{section.C.60}{\376\377\000A\000p\000p\000l\000i\000c\000a\000t\000i\000o\000n\000s\000\040\000t\000o\000\040\000I\000n\000f\000r\000a\000s\000t\000r\000u\000c\000t\000u\000r\000e}{appendix.C}% 585
\BOOKMARK [1][-]{section.C.61}{\376\377\000T\000h\000e\000\040\000H\000o\000d\000g\000e\000\040\000S\000t\000a\000r\000\040\000O\000p\000e\000r\000a\000t\000o\000r}{appendix.C}% 586
\BOOKMARK [1][-]{section.C.62}{\376\377\000T\000h\000e\000\040\000C\000o\000d\000i\000f\000f\000e\000r\000e\000n\000t\000i\000a\000l}{appendix.C}% 587
\BOOKMARK [1][-]{section.C.63}{\376\377\000T\000h\000e\000\040\000L\000a\000p\000l\000a\000c\000e\040\023\000B\000e\000l\000t\000r\000a\000m\000i\000\040\000O\000p\000e\000r\000a\000t\000o\000r}{appendix.C}% 588
\BOOKMARK [1][-]{section.C.64}{\376\377\000H\000a\000r\000m\000o\000n\000i\000c\000\040\000F\000o\000r\000m\000s}{appendix.C}% 589
\BOOKMARK [1][-]{section.C.65}{\376\377\000d\000e\000\040\000R\000h\000a\000m\000\040\000C\000o\000h\000o\000m\000o\000l\000o\000g\000y}{appendix.C}% 590
\BOOKMARK [1][-]{section.C.66}{\376\377\000H\000o\000d\000g\000e\000\040\000D\000e\000c\000o\000m\000p\000o\000s\000i\000t\000i\000o\000n}{appendix.C}% 591
\BOOKMARK [1][-]{section.C.67}{\376\377\000C\000o\000n\000c\000l\000u\000d\000i\000n\000g\000\040\000R\000e\000m\000a\000r\000k\000s}{appendix.C}% 592
\BOOKMARK [0][-]{appendix.D}{\376\377\000V\000a\000r\000i\000a\000t\000i\000o\000n\000a\000l\000\040\000C\000a\000l\000c\000u\000l\000u\000s}{part.8}% 593
\BOOKMARK [1][-]{section.D.1}{\376\377\000P\000u\000r\000p\000o\000s\000e}{appendix.D}% 594
\BOOKMARK [1][-]{section.D.2}{\376\377\000F\000u\000n\000c\000t\000i\000o\000n\000a\000l\000s}{appendix.D}% 595
\BOOKMARK [1][-]{section.D.3}{\376\377\000A\000d\000m\000i\000s\000s\000i\000b\000l\000e\000\040\000F\000u\000n\000c\000t\000i\000o\000n\000s}{appendix.D}% 596
\BOOKMARK [1][-]{section.D.4}{\376\377\000V\000a\000r\000i\000a\000t\000i\000o\000n\000s}{appendix.D}% 597
\BOOKMARK [1][-]{section.D.5}{\376\377\000F\000i\000r\000s\000t\000\040\000V\000a\000r\000i\000a\000t\000i\000o\000n}{appendix.D}% 598
\BOOKMARK [1][-]{section.D.6}{\376\377\000D\000e\000r\000i\000v\000a\000t\000i\000o\000n\000\040\000o\000f\000\040\000t\000h\000e\000\040\000E\000u\000l\000e\000r\040\023\000L\000a\000g\000r\000a\000n\000g\000e\000\040\000E\000q\000u\000a\000t\000i\000o\000n}{appendix.D}% 599
\BOOKMARK [1][-]{section.D.7}{\376\377\000M\000u\000l\000t\000i\000p\000l\000e\000\040\000V\000a\000r\000i\000a\000b\000l\000e\000s}{appendix.D}% 600
\BOOKMARK [1][-]{section.D.8}{\376\377\000S\000e\000v\000e\000r\000a\000l\000\040\000I\000n\000d\000e\000p\000e\000n\000d\000e\000n\000t\000\040\000V\000a\000r\000i\000a\000b\000l\000e\000s}{appendix.D}% 601
\BOOKMARK [1][-]{section.D.9}{\376\377\000N\000a\000t\000u\000r\000a\000l\000\040\000B\000o\000u\000n\000d\000a\000r\000y\000\040\000C\000o\000n\000d\000i\000t\000i\000o\000n\000s}{appendix.D}% 602
\BOOKMARK [1][-]{section.D.10}{\376\377\000S\000u\000m\000m\000a\000r\000y}{appendix.D}% 603
\BOOKMARK [1][-]{section.D.11}{\376\377\000C\000o\000n\000s\000t\000r\000a\000i\000n\000e\000d\000\040\000V\000a\000r\000i\000a\000t\000i\000o\000n\000a\000l\000\040\000P\000r\000o\000b\000l\000e\000m\000s}{appendix.D}% 604
\BOOKMARK [1][-]{section.D.12}{\376\377\000L\000a\000g\000r\000a\000n\000g\000e\000\040\000M\000u\000l\000t\000i\000p\000l\000i\000e\000r\000s}{appendix.D}% 605
\BOOKMARK [1][-]{section.D.13}{\376\377\000I\000s\000o\000p\000e\000r\000i\000m\000e\000t\000r\000i\000c\000\040\000P\000r\000o\000b\000l\000e\000m\000s}{appendix.D}% 606
\BOOKMARK [1][-]{section.D.14}{\376\377\000I\000n\000t\000e\000g\000r\000a\000l\000\040\000C\000o\000n\000s\000t\000r\000a\000i\000n\000t\000s}{appendix.D}% 607
\BOOKMARK [1][-]{section.D.15}{\376\377\000V\000a\000r\000i\000a\000t\000i\000o\000n\000a\000l\000\040\000P\000r\000i\000n\000c\000i\000p\000l\000e\000s\000\040\000i\000n\000\040\000M\000e\000c\000h\000a\000n\000i\000c\000s}{appendix.D}% 608
\BOOKMARK [1][-]{section.D.16}{\376\377\000C\000o\000n\000s\000e\000r\000v\000a\000t\000i\000o\000n\000\040\000L\000a\000w\000s}{appendix.D}% 609
\BOOKMARK [1][-]{section.D.17}{\376\377\000N\000o\000e\000t\000h\000e\000r\000'\000s\000\040\000T\000h\000e\000o\000r\000e\000m}{appendix.D}% 610
\BOOKMARK [1][-]{section.D.18}{\376\377\000H\000a\000m\000i\000l\000t\000o\000n\000i\000a\000n\000\040\000F\000o\000r\000m\000u\000l\000a\000t\000i\000o\000n}{appendix.D}% 611
\BOOKMARK [1][-]{section.D.19}{\376\377\000C\000a\000n\000o\000n\000i\000c\000a\000l\000\040\000T\000r\000a\000n\000s\000f\000o\000r\000m\000a\000t\000i\000o\000n\000s}{appendix.D}% 612
\BOOKMARK [1][-]{section.D.20}{\376\377\000V\000a\000r\000i\000a\000t\000i\000o\000n\000a\000l\000\040\000I\000n\000e\000q\000u\000a\000l\000i\000t\000i\000e\000s}{appendix.D}% 613
\BOOKMARK [1][-]{section.D.21}{\376\377\000E\000x\000i\000s\000t\000e\000n\000c\000e\000\040\000o\000f\000\040\000M\000i\000n\000i\000m\000i\000z\000e\000r\000s}{appendix.D}% 614
\BOOKMARK [1][-]{section.D.22}{\376\377\000S\000u\000m\000m\000a\000r\000y}{appendix.D}% 615
\BOOKMARK [0][-]{appendix.E}{\376\377\000O\000p\000t\000i\000m\000a\000l\000\040\000C\000o\000n\000t\000r\000o\000l\000\040\000T\000h\000e\000o\000r\000y}{part.8}% 616
\BOOKMARK [1][-]{section.E.1}{\376\377\000P\000u\000r\000p\000o\000s\000e}{appendix.E}% 617
\BOOKMARK [1][-]{section.E.2}{\376\377\000C\000o\000n\000t\000r\000o\000l\000\040\000S\000y\000s\000t\000e\000m\000s}{appendix.E}% 618
\BOOKMARK [1][-]{section.E.3}{\376\377\000A\000d\000m\000i\000s\000s\000i\000b\000l\000e\000\040\000C\000o\000n\000t\000r\000o\000l\000s}{appendix.E}% 619
\BOOKMARK [1][-]{section.E.4}{\376\377\000P\000e\000r\000f\000o\000r\000m\000a\000n\000c\000e\000\040\000F\000u\000n\000c\000t\000i\000o\000n\000a\000l\000s}{appendix.E}% 620
\BOOKMARK [1][-]{section.E.5}{\376\377\000T\000h\000e\000\040\000H\000a\000m\000i\000l\000t\000o\000n\000i\000a\000n}{appendix.E}% 621
\BOOKMARK [1][-]{section.E.6}{\376\377\000P\000o\000n\000t\000r\000y\000a\000g\000i\000n\000'\000s\000\040\000M\000a\000x\000i\000m\000u\000m\000\040\000P\000r\000i\000n\000c\000i\000p\000l\000e}{appendix.E}% 622
\BOOKMARK [1][-]{section.E.7}{\376\377\000B\000o\000u\000n\000d\000a\000r\000y\000\040\000C\000o\000n\000d\000i\000t\000i\000o\000n\000s}{appendix.E}% 623
\BOOKMARK [1][-]{section.E.8}{\376\377\000L\000i\000n\000e\000a\000r\000\040\000Q\000u\000a\000d\000r\000a\000t\000i\000c\000\040\000R\000e\000g\000u\000l\000a\000t\000o\000r}{appendix.E}% 624
\BOOKMARK [1][-]{section.E.9}{\376\377\000O\000p\000t\000i\000m\000a\000l\000\040\000F\000e\000e\000d\000b\000a\000c\000k}{appendix.E}% 625
\BOOKMARK [1][-]{section.E.10}{\376\377\000T\000h\000e\000\040\000R\000i\000c\000c\000a\000t\000i\000\040\000E\000q\000u\000a\000t\000i\000o\000n}{appendix.E}% 626
\BOOKMARK [1][-]{section.E.11}{\376\377\000D\000y\000n\000a\000m\000i\000c\000\040\000P\000r\000o\000g\000r\000a\000m\000m\000i\000n\000g}{appendix.E}% 627
\BOOKMARK [1][-]{section.E.12}{\376\377\000T\000h\000e\000\040\000V\000a\000l\000u\000e\000\040\000F\000u\000n\000c\000t\000i\000o\000n}{appendix.E}% 628
\BOOKMARK [1][-]{section.E.13}{\376\377\000H\000a\000m\000i\000l\000t\000o\000n\040\023\000J\000a\000c\000o\000b\000i\040\023\000B\000e\000l\000l\000m\000a\000n\000\040\000E\000q\000u\000a\000t\000i\000o\000n}{appendix.E}% 629
\BOOKMARK [1][-]{section.E.14}{\376\377\000C\000o\000m\000p\000a\000r\000i\000s\000o\000n\000\040\000o\000f\000\040\000A\000p\000p\000r\000o\000a\000c\000h\000e\000s}{appendix.E}% 630
\BOOKMARK [1][-]{section.E.15}{\376\377\000D\000i\000s\000c\000r\000e\000t\000e\000-\000T\000i\000m\000e\000\040\000O\000p\000t\000i\000m\000a\000l\000\040\000C\000o\000n\000t\000r\000o\000l}{appendix.E}% 631
\BOOKMARK [1][-]{section.E.16}{\376\377\000M\000o\000d\000e\000l\000\040\000P\000r\000e\000d\000i\000c\000t\000i\000v\000e\000\040\000C\000o\000n\000t\000r\000o\000l}{appendix.E}% 632
\BOOKMARK [1][-]{section.E.17}{\376\377\000S\000t\000a\000t\000e\000\040\000C\000o\000n\000s\000t\000r\000a\000i\000n\000t\000s}{appendix.E}% 633
\BOOKMARK [1][-]{section.E.18}{\376\377\000C\000o\000n\000t\000r\000o\000l\000\040\000C\000o\000n\000s\000t\000r\000a\000i\000n\000t\000s}{appendix.E}% 634
\BOOKMARK [1][-]{section.E.19}{\376\377\000S\000t\000o\000c\000h\000a\000s\000t\000i\000c\000\040\000O\000p\000t\000i\000m\000a\000l\000\040\000C\000o\000n\000t\000r\000o\000l}{appendix.E}% 635
\BOOKMARK [1][-]{section.E.20}{\376\377\000R\000o\000b\000u\000s\000t\000\040\000C\000o\000n\000t\000r\000o\000l}{appendix.E}% 636
\BOOKMARK [1][-]{section.E.21}{\376\377\000D\000i\000s\000t\000r\000i\000b\000u\000t\000e\000d\000\040\000C\000o\000n\000t\000r\000o\000l}{appendix.E}% 637
\BOOKMARK [1][-]{section.E.22}{\376\377\000N\000u\000m\000e\000r\000i\000c\000a\000l\000\040\000S\000o\000l\000u\000t\000i\000o\000n\000\040\000M\000e\000t\000h\000o\000d\000s}{appendix.E}% 638
\BOOKMARK [1][-]{section.E.23}{\376\377\000A\000p\000p\000l\000i\000c\000a\000t\000i\000o\000n\000s\000\040\000t\000o\000\040\000I\000n\000f\000r\000a\000s\000t\000r\000u\000c\000t\000u\000r\000e}{appendix.E}% 639
\BOOKMARK [1][-]{section.E.24}{\376\377\000C\000o\000n\000c\000l\000u\000d\000i\000n\000g\000\040\000R\000e\000m\000a\000r\000k\000s}{appendix.E}% 640
\BOOKMARK [0][-]{appendix.F}{\376\377\000F\000u\000n\000c\000t\000i\000o\000n\000a\000l\000\040\000A\000n\000a\000l\000y\000s\000i\000s}{part.8}% 641
\BOOKMARK [1][-]{section.F.1}{\376\377\000P\000u\000r\000p\000o\000s\000e}{appendix.F}% 642
\BOOKMARK [1][-]{section.F.2}{\376\377\000N\000o\000r\000m\000e\000d\000\040\000V\000e\000c\000t\000o\000r\000\040\000S\000p\000a\000c\000e\000s}{appendix.F}% 643
\BOOKMARK [1][-]{section.F.3}{\376\377\000E\000x\000a\000m\000p\000l\000e\000s}{appendix.F}% 644
\BOOKMARK [1][-]{section.F.4}{\376\377\000B\000a\000n\000a\000c\000h\000\040\000S\000p\000a\000c\000e\000s}{appendix.F}% 645
\BOOKMARK [1][-]{section.F.5}{\376\377\000H\000i\000l\000b\000e\000r\000t\000\040\000S\000p\000a\000c\000e\000s}{appendix.F}% 646
\BOOKMARK [1][-]{section.F.6}{\376\377\000E\000x\000a\000m\000p\000l\000e\000s\000\040\000o\000f\000\040\000H\000i\000l\000b\000e\000r\000t\000\040\000S\000p\000a\000c\000e\000s}{appendix.F}% 647
\BOOKMARK [1][-]{section.F.7}{\376\377\000C\000o\000n\000v\000e\000r\000g\000e\000n\000c\000e}{appendix.F}% 648
\BOOKMARK [1][-]{section.F.8}{\376\377\000W\000e\000a\000k\000\040\000C\000o\000n\000v\000e\000r\000g\000e\000n\000c\000e}{appendix.F}% 649
\BOOKMARK [1][-]{section.F.9}{\376\377\000L\000i\000n\000e\000a\000r\000\040\000O\000p\000e\000r\000a\000t\000o\000r\000s}{appendix.F}% 650
\BOOKMARK [1][-]{section.F.10}{\376\377\000B\000o\000u\000n\000d\000e\000d\000\040\000O\000p\000e\000r\000a\000t\000o\000r\000s}{appendix.F}% 651
\BOOKMARK [1][-]{section.F.11}{\376\377\000O\000p\000e\000r\000a\000t\000o\000r\000\040\000N\000o\000r\000m}{appendix.F}% 652
\BOOKMARK [1][-]{section.F.12}{\376\377\000D\000u\000a\000l\000\040\000S\000p\000a\000c\000e\000s}{appendix.F}% 653
\BOOKMARK [1][-]{section.F.13}{\376\377\000T\000h\000e\000\040\000R\000i\000e\000s\000z\000\040\000R\000e\000p\000r\000e\000s\000e\000n\000t\000a\000t\000i\000o\000n\000\040\000T\000h\000e\000o\000r\000e\000m}{appendix.F}% 654
\BOOKMARK [1][-]{section.F.14}{\376\377\000O\000r\000t\000h\000o\000g\000o\000n\000a\000l\000\040\000C\000o\000m\000p\000l\000e\000m\000e\000n\000t\000s}{appendix.F}% 655
\BOOKMARK [1][-]{section.F.15}{\376\377\000P\000r\000o\000j\000e\000c\000t\000i\000o\000n\000\040\000T\000h\000e\000o\000r\000e\000m}{appendix.F}% 656
\BOOKMARK [1][-]{section.F.16}{\376\377\000S\000u\000m\000m\000a\000r\000y}{appendix.F}% 657
\BOOKMARK [1][-]{section.F.17}{\376\377\000C\000o\000m\000p\000a\000c\000t\000\040\000O\000p\000e\000r\000a\000t\000o\000r\000s}{appendix.F}% 658
\BOOKMARK [1][-]{section.F.18}{\376\377\000T\000h\000e\000\040\000S\000p\000e\000c\000t\000r\000u\000m\000\040\000o\000f\000\040\000a\000n\000\040\000O\000p\000e\000r\000a\000t\000o\000r}{appendix.F}% 659
\BOOKMARK [1][-]{section.F.19}{\376\377\000S\000e\000l\000f\000-\000A\000d\000j\000o\000i\000n\000t\000\040\000O\000p\000e\000r\000a\000t\000o\000r\000s}{appendix.F}% 660
\BOOKMARK [1][-]{section.F.20}{\376\377\000C\000o\000m\000p\000a\000c\000t\000n\000e\000s\000s}{appendix.F}% 661
\BOOKMARK [1][-]{section.F.21}{\376\377\000W\000e\000a\000k\000\040\000C\000o\000m\000p\000a\000c\000t\000n\000e\000s\000s}{appendix.F}% 662
\BOOKMARK [1][-]{section.F.22}{\376\377\000R\000e\000f\000l\000e\000x\000i\000v\000e\000\040\000S\000p\000a\000c\000e\000s}{appendix.F}% 663
\BOOKMARK [1][-]{section.F.23}{\376\377\000S\000o\000b\000o\000l\000e\000v\000\040\000S\000p\000a\000c\000e\000s}{appendix.F}% 664
\BOOKMARK [1][-]{section.F.24}{\376\377\000W\000e\000a\000k\000\040\000D\000e\000r\000i\000v\000a\000t\000i\000v\000e\000s}{appendix.F}% 665
\BOOKMARK [1][-]{section.F.25}{\376\377\000W\000e\000a\000k\000\040\000S\000o\000l\000u\000t\000i\000o\000n\000s}{appendix.F}% 666
\BOOKMARK [1][-]{section.F.26}{\376\377\000T\000h\000e\000\040\000L\000a\000x\040\023\000M\000i\000l\000g\000r\000a\000m\000\040\000T\000h\000e\000o\000r\000e\000m}{appendix.F}% 667
\BOOKMARK [1][-]{section.F.27}{\376\377\000T\000h\000e\000\040\000H\000a\000h\000n\040\023\000B\000a\000n\000a\000c\000h\000\040\000T\000h\000e\000o\000r\000e\000m}{appendix.F}% 668
\BOOKMARK [1][-]{section.F.28}{\376\377\000A\000p\000p\000l\000i\000c\000a\000t\000i\000o\000n\000s}{appendix.F}% 669
\BOOKMARK [1][-]{section.F.29}{\376\377\000C\000o\000n\000c\000l\000u\000d\000i\000n\000g\000\040\000R\000e\000m\000a\000r\000k\000s}{appendix.F}% 670
\BOOKMARK [0][-]{appendix.G}{\376\377\000P\000a\000r\000t\000i\000a\000l\000\040\000D\000i\000f\000f\000e\000r\000e\000n\000t\000i\000a\000l\000\040\000E\000q\000u\000a\000t\000i\000o\000n\000s}{part.8}% 671
\BOOKMARK [1][-]{section.G.1}{\376\377\000P\000u\000r\000p\000o\000s\000e}{appendix.G}% 672
\BOOKMARK [1][-]{section.G.2}{\376\377\000P\000a\000r\000t\000i\000a\000l\000\040\000D\000e\000r\000i\000v\000a\000t\000i\000v\000e\000s}{appendix.G}% 673
\BOOKMARK [1][-]{section.G.3}{\376\377\000G\000e\000n\000e\000r\000a\000l\000\040\000F\000o\000r\000m\000\040\000o\000f\000\040\000a\000\040\000P\000D\000E}{appendix.G}% 674
\BOOKMARK [1][-]{section.G.4}{\376\377\000L\000i\000n\000e\000a\000r\000\040\000a\000n\000d\000\040\000N\000o\000n\000l\000i\000n\000e\000a\000r\000\040\000E\000q\000u\000a\000t\000i\000o\000n\000s}{appendix.G}% 675
\BOOKMARK [1][-]{section.G.5}{\376\377\000O\000r\000d\000e\000r}{appendix.G}% 676
\BOOKMARK [1][-]{section.G.6}{\376\377\000C\000l\000a\000s\000s\000i\000f\000i\000c\000a\000t\000i\000o\000n\000\040\000o\000f\000\040\000S\000e\000c\000o\000n\000d\000-\000O\000r\000d\000e\000r\000\040\000P\000D\000E\000s}{appendix.G}% 677
\BOOKMARK [1][-]{section.G.7}{\376\377\000B\000o\000u\000n\000d\000a\000r\000y\000\040\000C\000o\000n\000d\000i\000t\000i\000o\000n\000s}{appendix.G}% 678
\BOOKMARK [1][-]{section.G.8}{\376\377\000I\000n\000i\000t\000i\000a\000l\000\040\000C\000o\000n\000d\000i\000t\000i\000o\000n\000s}{appendix.G}% 679
\BOOKMARK [1][-]{section.G.9}{\376\377\000T\000h\000e\000\040\000L\000a\000p\000l\000a\000c\000e\000\040\000E\000q\000u\000a\000t\000i\000o\000n}{appendix.G}% 680
\BOOKMARK [1][-]{section.G.10}{\376\377\000T\000h\000e\000\040\000P\000o\000i\000s\000s\000o\000n\000\040\000E\000q\000u\000a\000t\000i\000o\000n}{appendix.G}% 681
\BOOKMARK [1][-]{section.G.11}{\376\377\000T\000h\000e\000\040\000H\000e\000a\000t\000\040\000E\000q\000u\000a\000t\000i\000o\000n}{appendix.G}% 682
\BOOKMARK [1][-]{section.G.12}{\376\377\000T\000h\000e\000\040\000W\000a\000v\000e\000\040\000E\000q\000u\000a\000t\000i\000o\000n}{appendix.G}% 683
\BOOKMARK [1][-]{section.G.13}{\376\377\000S\000u\000m\000m\000a\000r\000y}{appendix.G}% 684
\BOOKMARK [1][-]{section.G.14}{\376\377\000C\000o\000n\000s\000e\000r\000v\000a\000t\000i\000o\000n\000\040\000L\000a\000w\000s}{appendix.G}% 685
\BOOKMARK [1][-]{section.G.15}{\376\377\000T\000h\000e\000\040\000C\000o\000n\000t\000i\000n\000u\000i\000t\000y\000\040\000E\000q\000u\000a\000t\000i\000o\000n}{appendix.G}% 686
\BOOKMARK [1][-]{section.G.16}{\376\377\000A\000d\000v\000e\000c\000t\000i\000o\000n\040\023\000D\000i\000f\000f\000u\000s\000i\000o\000n\000\040\000E\000q\000u\000a\000t\000i\000o\000n}{appendix.G}% 687
\BOOKMARK [1][-]{section.G.17}{\376\377\000R\000e\000a\000c\000t\000i\000o\000n\040\023\000D\000i\000f\000f\000u\000s\000i\000o\000n\000\040\000E\000q\000u\000a\000t\000i\000o\000n\000s}{appendix.G}% 688
\BOOKMARK [1][-]{section.G.18}{\376\377\000S\000y\000s\000t\000e\000m\000s\000\040\000o\000f\000\040\000P\000a\000r\000t\000i\000a\000l\000\040\000D\000i\000f\000f\000e\000r\000e\000n\000t\000i\000a\000l\000\040\000E\000q\000u\000a\000t\000i\000o\000n\000s}{appendix.G}% 689
\BOOKMARK [1][-]{section.G.19}{\376\377\000W\000e\000a\000k\000\040\000F\000o\000r\000m\000u\000l\000a\000t\000i\000o\000n}{appendix.G}% 690
\BOOKMARK [1][-]{section.G.20}{\376\377\000E\000x\000i\000s\000t\000e\000n\000c\000e\000\040\000a\000n\000d\000\040\000U\000n\000i\000q\000u\000e\000n\000e\000s\000s}{appendix.G}% 691
\BOOKMARK [1][-]{section.G.21}{\376\377\000M\000a\000x\000i\000m\000u\000m\000\040\000P\000r\000i\000n\000c\000i\000p\000l\000e\000s}{appendix.G}% 692
\BOOKMARK [1][-]{section.G.22}{\376\377\000E\000n\000e\000r\000g\000y\000\040\000M\000e\000t\000h\000o\000d\000s}{appendix.G}% 693
\BOOKMARK [1][-]{section.G.23}{\376\377\000F\000i\000n\000i\000t\000e\000\040\000D\000i\000f\000f\000e\000r\000e\000n\000c\000e\000\040\000M\000e\000t\000h\000o\000d\000s}{appendix.G}% 694
\BOOKMARK [1][-]{section.G.24}{\376\377\000F\000i\000n\000i\000t\000e\000\040\000E\000l\000e\000m\000e\000n\000t\000\040\000M\000e\000t\000h\000o\000d\000s}{appendix.G}% 695
\BOOKMARK [1][-]{section.G.25}{\376\377\000F\000i\000n\000i\000t\000e\000\040\000V\000o\000l\000u\000m\000e\000\040\000M\000e\000t\000h\000o\000d\000s}{appendix.G}% 696
\BOOKMARK [1][-]{section.G.26}{\376\377\000A\000p\000p\000l\000i\000c\000a\000t\000i\000o\000n\000s\000\040\000t\000o\000\040\000I\000n\000f\000r\000a\000s\000t\000r\000u\000c\000t\000u\000r\000e}{appendix.G}% 697
\BOOKMARK [1][-]{section.G.27}{\376\377\000C\000o\000n\000c\000l\000u\000d\000i\000n\000g\000\040\000R\000e\000m\000a\000r\000k\000s}{appendix.G}% 698
\BOOKMARK [0][-]{appendix.H}{\376\377\000P\000r\000o\000b\000a\000b\000i\000l\000i\000t\000y\000\040\000a\000n\000d\000\040\000S\000t\000o\000c\000h\000a\000s\000t\000i\000c\000\040\000P\000r\000o\000c\000e\000s\000s\000e\000s}{part.8}% 699
\BOOKMARK [1][-]{section.H.1}{\376\377\000P\000u\000r\000p\000o\000s\000e}{appendix.H}% 700
\BOOKMARK [1][-]{section.H.2}{\376\377\000P\000r\000o\000b\000a\000b\000i\000l\000i\000t\000y\000\040\000S\000p\000a\000c\000e\000s}{appendix.H}% 701
\BOOKMARK [1][-]{section.H.3}{\376\377\000E\000v\000e\000n\000t\000s}{appendix.H}% 702
\BOOKMARK [1][-]{section.H.4}{\376\377\000C\000o\000n\000d\000i\000t\000i\000o\000n\000a\000l\000\040\000P\000r\000o\000b\000a\000b\000i\000l\000i\000t\000y}{appendix.H}% 703
\BOOKMARK [1][-]{section.H.5}{\376\377\000B\000a\000y\000e\000s\000'\000\040\000T\000h\000e\000o\000r\000e\000m}{appendix.H}% 704
\BOOKMARK [1][-]{section.H.6}{\376\377\000R\000a\000n\000d\000o\000m\000\040\000V\000a\000r\000i\000a\000b\000l\000e\000s}{appendix.H}% 705
\BOOKMARK [1][-]{section.H.7}{\376\377\000P\000r\000o\000b\000a\000b\000i\000l\000i\000t\000y\000\040\000D\000i\000s\000t\000r\000i\000b\000u\000t\000i\000o\000n\000s}{appendix.H}% 706
\BOOKMARK [1][-]{section.H.8}{\376\377\000E\000x\000p\000e\000c\000t\000a\000t\000i\000o\000n}{appendix.H}% 707
\BOOKMARK [1][-]{section.H.9}{\376\377\000V\000a\000r\000i\000a\000n\000c\000e}{appendix.H}% 708
\BOOKMARK [1][-]{section.H.10}{\376\377\000C\000o\000v\000a\000r\000i\000a\000n\000c\000e}{appendix.H}% 709
\BOOKMARK [1][-]{section.H.11}{\376\377\000C\000o\000r\000r\000e\000l\000a\000t\000i\000o\000n}{appendix.H}% 710
\BOOKMARK [1][-]{section.H.12}{\376\377\000I\000m\000p\000o\000r\000t\000a\000n\000t\000\040\000P\000r\000o\000b\000a\000b\000i\000l\000i\000t\000y\000\040\000D\000i\000s\000t\000r\000i\000b\000u\000t\000i\000o\000n\000s}{appendix.H}% 711
\BOOKMARK [1][-]{section.H.13}{\376\377\000T\000h\000e\000\040\000G\000a\000u\000s\000s\000i\000a\000n\000\040\000D\000i\000s\000t\000r\000i\000b\000u\000t\000i\000o\000n}{appendix.H}% 712
\BOOKMARK [1][-]{section.H.14}{\376\377\000I\000n\000d\000e\000p\000e\000n\000d\000e\000n\000c\000e}{appendix.H}% 713
